ViedId	View
1	2008
2	280
3	3008
4	307
5	308
6	323
7	330
8	380
9	4008
10	408
11	5008
12	508
13	18i
14	1系
15	200T
16	225xe
17	308S
18	320风尚
19	328gt
20	330e
21	37豪运
22	3系
23	500X
24	520i
25	5系
26	60H
27	6代高尔夫
28	740e
29	740Le
30	7系
31	9代思域
32	A1
33	A180
34	A260
35	a3
36	A3
37	A4
38	a4L
39	A4L
40	A5
41	A6
42	a6
43	A60
44	A6L
45	a6L
46	A7
47	A8
48	A8L
49	ABB
50	Asterion
51	ATS
52	ATSL
53	Avista
54	B30
55	B50
56	B7
57	B70
58	B90
59	BJ
60	BMW
61	BMW320
62	BMW5系
63	BRZ
64	Buick凯越
65	BWM135
66	BYD
67	BYDF3
68	C2
69	C3R
70	c3xr
71	C3毕加索
72	C4
73	C4L
74	C4世嘉
75	c4世嘉
76	C5
77	C50
78	C6
79	c7A6L
80	C88
81	California
82	Captur
83	Cayenne
84	Cayman
85	CC
86	CDX
87	cdx
88	CIVIC
89	CLA
90	Continental
91	Corsa雅鹿
92	CorssPolo
93	countryman
94	CROOSS
95	CROSS
96	CrossGolf
97	CROSSPOLO
98	CrossPolo
99	Cross桑塔纳
100	CRV
101	CS15
102	CS35
103	CS75
104	CS95
105	CT6
106	cx20
107	CX70
108	Cxperience
109	C奔
110	C级
111	D50
112	D60
113	D70
114	DB7
115	DS
116	Ds4s
117	DS6
118	E260
119	E260L
120	E300
121	e300进口
122	EA211
123	ES
124	ES240
125	ES300H
126	Es350
127	EV160
128	evo
129	EVO
130	E级
131	F0
132	f0
133	F2
134	F3
135	F40
136	FCC
137	FD2
138	Fiesta嘉年华
139	FIT
140	FO
141	Forte
142	G37
143	GA3
144	GA3S
145	GA6
146	GA8
147	GK5
148	GL
149	GL8
150	gla
151	GLA
152	GLC
153	GLE
154	GLI
155	glk
156	GLS
157	GM8
158	Golf
159	golf
160	GREIZ
161	GS4
162	gs4
163	GS5
164	GS8
165	GT
166	GTI
167	GTi
168	GX7
169	H2
170	H3
171	H6
172	H9
173	Honda
174	HRV
175	Hybrid
176	i3
177	i30N
178	i5
179	i8
180	Impala
181	Integra
182	IS
183	is250
184	ix25
185	ix35
186	IX35
187	Jeep
188	jeep
189	JEEP
190	Jeep大切诺基
191	jeep自由光
192	Jeep自由光
193	Jepp
194	Jetta
195	K17
196	K2
197	K3S
198	k3s
199	k4
200	K5
201	k5
202	Kodiaq
203	KODIAQ
204	Kombi九座面包车
205	L3
206	L60
207	Lacetti
208	Lamando
209	Lamando凌渡
210	Lavida
211	LAVIDA朗逸
212	LC500h
213	leaf
214	LEXUS
215	LX570
216	M1
217	M2
218	m20
219	M30
220	M4
221	M5
222	M6
223	Macan
224	makan
225	Mazda3昂克赛拉
226	MG
227	MG5
228	MGGS
229	MGRover
230	MG锐腾上汽集团
231	mini
232	MINI
233	MINICooper
234	MISTRA名图
235	MKZ
236	mkz
237	ml
238	ML
239	Mustang
240	NEWPOLO
241	NewSuperb
242	Niva
243	NSX
244	panamera
245	Passat
246	passat
247	PHEV
248	PHIDEON
249	PHIDEON辉昂
250	POLO
251	Polo
252	polo
253	PoloGTI
254	POLOGTI
255	PoloR
256	PQ46
257	Prado
258	PSA
259	PST
260	Q3
261	q3
262	q5
263	Q5
264	Q50
265	q7
266	Q7
267	Q70L
268	QQ
269	qq
270	QQ6
271	QQ613
272	QX50
273	qx50
274	QX80
275	R50X
276	R8
277	RAV4
278	rav4
279	RAV4荣放
280	Roadster
281	RS1
282	RS5
283	RS6
284	RSQ
285	RV4
286	RX
287	RX5
288	rx5
289	S350
290	S3L
291	S40
292	S5
293	S60L
294	S7
295	S90
296	saab绅宝
297	smart
298	SPIRIOR
299	Superb
300	SUPERB速派
301	SX6
302	sx7
303	T200
304	T5
305	T600
306	T70
307	TERAMONT
308	TFSI
309	Tiguan
310	TIGUAN
311	Tiguan途观
312	TT
313	V07S
314	V2
315	V5
316	V50
317	V6
318	Verna
319	VX
320	X1
321	x1
322	x3
323	X3
324	X5
325	X55
326	X5M
327	x6
328	X6
329	X60
330	X65
331	X7
332	X8
333	X80
334	XC60
335	XC90
336	XFL
337	XK120
338	XRT
339	XRV
340	xrv
341	Yeti
342	Ypsilon
343	Z700
344	ZF
345	阿尔法
346	阿斯顿马丁
347	阿特兹
348	埃尔法
349	艾力绅
350	艾七
351	艾瑞泽
352	艾瑞泽5
353	艾瑞泽7
354	爱丽舍
355	爱唯欧
356	爱信
357	爱信2代
358	昂科拉
359	昂科雷
360	昂科塞拉
361	昂科威
362	昂科威很
363	昂克拉
364	昂克赛拉
365	傲虎
366	奥德赛
367	奥迪
368	奥迪100
369	奥迪50
370	奥迪80
371	奥迪90
372	奥迪A1
373	奥迪A3
374	奥迪A4
375	奥迪a4
376	奥迪A4L
377	奥迪A5
378	奥迪A6
379	奥迪A6L
380	奥迪A8
381	奥迪A8L
382	奥迪a8L
383	奥迪A9
384	奥迪Q2
385	奥迪Q3
386	奥迪Q5
387	奥迪Q7
388	奥迪Q8
389	奥迪R8
390	奥迪RS
391	奥迪RS1
392	奥迪RS2
393	奥迪RS3
394	奥迪RS5
395	奥迪RS6
396	奥迪RS7
397	奥迪RSQ5
398	奥迪S3
399	奥迪Sport
400	奥迪SQ5
401	奥迪TT
402	奥迪丰田
403	奥迪进口Q5
404	奥拓
405	霸道
406	宝骏
407	宝骏310
408	宝骏560
409	宝骏630
410	宝骏730
411	宝来
412	宝来R
413	宝来Sportline
414	宝马
415	宝马116
416	宝马118
417	宝马2系
418	宝马3
419	宝马316Li
420	宝马320
421	宝马320Li
422	宝马321
423	宝马3系
424	宝马5
425	宝马520
426	宝马525
427	宝马535
428	宝马5系
429	宝马5系L
430	宝马5系Li
431	宝马730
432	宝马740
433	宝马740Le
434	宝马7系
435	宝马E90
436	宝马i3
437	宝马i8
438	宝马M2
439	宝马M3
440	宝马MINI
441	宝马mini
442	宝马x1
443	宝马X1
444	宝马x3
445	宝马X4
446	宝马X5
447	宝马X6
448	宝马Z435i
449	宝斯通
450	宝沃
451	宝沃BX7
452	保时捷
453	保时捷356A费迪南
454	保时捷718
455	保时捷911
456	保时捷Cayman
457	保时捷Panamera
458	保时捷panamera
459	保时捷panamera4S
460	保时捷PanameraSHybrid
461	保时捷的PDK
462	保时捷卡宴
463	保时捷卡宴turboS
464	保时捷凯宴
465	北斗星
466	北斗星x5
467	北京B40
468	北京C级
469	北京E级奔驰
470	北京奔驰
471	北京奔驰C级
472	北京奔驰E260L
473	北京奔驰GLK
474	北京绅宝
475	北京绅宝D50
476	北京现代
477	北京现代IX25
478	北京现代ix25
479	北京现代IX35
480	北京现代ix35
481	北京现代朗动
482	北京现代领动
483	北京现代名图
484	北京现代瑞纳
485	北京现代索8
486	北京现代索纳塔
487	北京现代索纳塔8
488	北京现代索纳塔八
489	北京现代索纳塔领翔
490	北京现代伊兰特
491	北京现代悦动
492	北京现代悦纳
493	北京新能源
494	北汽
495	北汽BJ80
496	北汽M50F
497	北汽幻速
498	北汽幻速h2
499	北汽幻速H2E
500	北汽幻速H3
501	北汽幻速H3F
502	北汽幻速S3
503	北汽幻速S3L
504	北汽幻速S6
505	北汽威旺
506	北汽威旺S50
507	北汽新能源
508	北汽新能源eu260
509	奔奔
510	奔弛
511	奔驰
512	奔驰A180
513	奔驰AMG
514	奔驰A级
515	奔驰c200L
516	奔驰cla
517	奔驰CLA
518	奔驰C级
519	奔驰E
520	奔驰E400
521	奔驰E级
522	奔驰G
523	奔驰GLA
524	奔驰GLK
525	奔驰glk300
526	奔驰GLS级
527	奔驰S
528	奔驰S320
529	奔驰S600
530	奔驰SLC
531	奔驰SLK350
532	奔驰SLSAMG
533	奔驰S级
534	奔驰S系
535	奔驰W194
536	奔驰迈巴赫
537	奔驰三叉星徽
538	奔驰小跑
539	奔驰新E级
540	奔腾
541	奔腾B30
542	奔腾b50
543	奔腾X80
544	本田
545	本田CRV
546	本田crv
547	本田VSA
548	本田艾力绅
549	本田飞度
550	本田锋范
551	本田哥瑞
552	本田杰德
553	本田竞瑞
554	本田思铂睿
555	本田思域
556	本田雅阁
557	速腾
558	比速
559	比速T3
560	比亚迪
561	比亚迪F0
562	比亚迪F０
563	比亚迪F3
564	比亚迪f3
565	比亚迪F8
566	比亚迪g5
567	比亚迪K6
568	比亚迪K9
569	比亚迪M6
570	比亚迪m6
571	比亚迪s7
572	比亚迪S7
573	比亚迪秦
574	比亚迪宋
575	比亚迪速锐
576	比亚迪唐
577	比亚迪元
578	毕加索
579	标标301
580	标志
581	标志301
582	标志408
583	标致
584	标致2008
585	标致3008
586	标致301
587	标致307
588	标致308
589	标致4008
590	标致雪铁龙
591	别克
592	别克GL
593	别克GL8
594	别克昂科拉
595	别克昂科威
596	别克高尔夫
597	别克君威
598	别克君威GS
599	别克君越
600	别克君越30H
601	别克凯越
602	别克凯越HRV
603	别克荣御
604	别克赛欧
605	别克威朗
606	别克未来
607	别克新昂科拉
608	别克英朗
609	宾利
610	宾利飞驰
611	宾利欧陆GT
612	宾利欧路GTC
613	宾尼法利纳
614	缤智
615	波尔舍
616	波斯米亚
617	铂锐
618	博克斯特Boxster
619	博瑞
620	博越
621	布加迪
622	布加迪EBl6
623	布加迪威航
624	柴油索兰托
625	昌河北斗星
626	昌河铃木
627	昌河铃木北斗星
628	川汽野马
629	传其
630	传奇GS4
631	传祺
632	传祺GA8
633	传祺GS4
634	传祺GS8
635	传祺轿车GA6
636	创驰蓝天
637	创酷
638	大龅牙
639	大宝
640	大奔
641	大发
642	大捷龙
643	大迈
644	大迈X5
645	大迈X7
646	大切
647	大切诺基
648	大切诺基SRT
649	大宇
650	大众
651	大众Amarok
652	大众CC
653	大众CUV
654	大众DQ200
655	大众DQ250
656	大众ESP
657	大众GTI
658	大众passt
659	大众POLO
660	大众polo
661	大众Polo
662	大众PoloGTi
663	大众T3
664	大众宝来
665	大众波罗
666	大众的宝来
667	大众高尔
668	大众高尔夫
669	大众高尔夫7
670	大众辉昂
671	大众辉腾
672	大众捷达
673	大众朗行
674	大众朗神
675	大众朗逸
676	大众凌渡
677	大众凌渡GTI
678	大众迈腾
679	大众帕萨特
680	大众普桑
681	大众桑塔纳
682	大众尚酷
683	大众尚酷DSG
684	大众斯柯达
685	大众速派
686	大众速腾
687	大众途安
688	大众途安L
689	大众途观
690	大众途锐
691	大众夏朗
692	大众新POLO
693	大众新辉腾
694	大众新途观
695	大众一汽高尔夫
696	戴姆勒
697	戴姆勒克莱斯勒
698	道达V8
699	道奇Charger
700	德国宝马
701	地球梦
702	帝豪
703	帝豪EC7
704	帝豪ec8
705	帝豪GL
706	帝豪GS
707	帝豪gs
708	第7代高尔夫
709	蒂波151
710	东标
711	东风
712	东风1号
713	东风A9
714	东风S500
715	东风本田
716	东风本田竞瑞
717	东风标致
718	东风标致2008
719	东风标致206
720	东风标致2550
721	东风标致3008
722	东风标致301
723	东风标致308
724	东风标致308S
725	东风标致4008
726	东风标致408
727	东风标致508
728	东风标致新308
729	东风标致新408
730	东风标致雪铁龙
731	东风风度
732	东风风度MX5
733	东风风行
734	东风风行S500
735	东风风神
736	东风风神A60
737	东风风神A6O
738	东风风神AX3
739	东风风神E30
740	东风风神E30L
741	东风风神H30
742	东风雷诺科雷嘉
743	东风日产
744	东风日产骊威
745	东风日产启辰
746	东风日产天籁
747	东风日产天籁公爵
748	东风日产新天籁
749	东风日产轩逸
750	东风小康V27
751	东风雪铁龙
752	东风雪铁龙C4L
753	东风雪铁龙C4世嘉
754	东风雪铁龙C6
755	东风雪铁龙爱丽舍
756	东风雪铁龙世嘉
757	东风悦达
758	东风悦达起亚
759	东风悦达起亚“K2”
760	东风悦达起亚k3
761	东风悦达起亚KX3
762	东风悦达起亚千里马
763	东风悦达起亚锐欧
764	东南DX3
765	东南DX7
766	东南希旺
767	二系
768	发现4
769	发现神行
770	发现四
771	法拉利
772	法拉利458Italia
773	法拉利575M
774	飞度
775	菲克
776	菲翔
777	菲亚特
778	菲亚特500
779	菲亚特菲翔
780	菲亚特克莱斯勒
781	丰田
782	丰田2ZR
783	丰田Corolla
784	丰田GT86
785	丰田LC76
786	丰田RAV4
787	丰田rav4
788	丰田VSC
789	丰田埃尔法
790	丰田霸道
791	丰田汉兰达
792	丰田花冠
793	丰田皇冠
794	丰田卡罗拉
795	丰田凯美瑞
796	丰田普拉多
797	丰田普锐斯
798	丰田塞纳
799	丰田赛纳
800	丰田新汉兰达
801	丰田致炫
802	风2
803	风标致308
804	风光
805	风光360
806	风光580
807	风行
808	风骏
809	风骏6
810	风神
811	风神A60
812	风神旗舰车A9
813	风雪铁龙C4世嘉
814	风云
815	风云2
816	锋范
817	锋驭
818	伏尔加
819	福克斯
820	福克斯RS
821	福克斯ST
822	福莱尔
823	福美来
824	福瑞迪
825	福睿斯
826	福特
827	福特E450
828	福特F150
829	福特F550
830	福特F650
831	福特FAB1
832	福特GT
833	福特的Powershift
834	福特福克斯
835	福特福克斯ST
836	福特福睿斯
837	福特嘉年华ST
838	福特金牛座
839	福特蒙迪欧
840	福特锐界
841	福特锐界V6
842	福特探险者
843	福特途睿欧
844	福特野马
845	福特野马GT350R
846	福特翼博
847	福特翼虎
848	富康
849	盖世
850	高6
851	高尔
852	高尔夫
853	高尔夫6
854	高尔夫7
855	高尔夫GTI
856	高尔夫R
857	高尔夫Sportsvan
858	高尔夫七
859	哥瑞
860	歌诗图
861	观致
862	冠道
863	广本
864	广汽
865	广汽本田
866	广汽本田缤智
867	广汽本田冠道
868	广汽乘用车
869	广汽传祺
870	广汽传祺GA3S
871	广汽传祺GA6
872	广汽传祺GA8
873	广汽传祺GS4
874	广汽传祺GS8
875	广汽菲克
876	广汽菲亚特
877	广汽丰田
878	广汽丰田凯美瑞
879	广汽丰田雷凌
880	广汽丰田致炫
881	广汽吉奥
882	广汽讴歌
883	广汽三菱
884	国产雅阁
885	国产自由光
886	国光
887	哈飞
888	哈佛
889	哈佛H3
890	哈佛H6
891	哈佛H8
892	哈佛神6
893	哈弗
894	哈弗H2
895	哈弗h2
896	哈弗H3
897	哈弗H6
898	哈弗H7
899	哈弗h8
900	哈弗H8
901	哈弗m2
902	哈弗SUV
903	哈弗蓝标H2
904	海马
905	海马M8
906	海马福仕达
907	海外版3008
908	汉兰达
909	汉能
910	汉腾
911	悍马
912	撼路者
913	憾路者
914	昊锐
915	浩纳
916	和悦
917	黑桑
918	恒悦
919	红旗
920	红旗CA770
921	红旗H7
922	宏光
923	宏光S
924	宏光S1
925	花冠
926	华晨
927	华晨3系
928	华晨X30
929	华晨宝马
930	华晨宝马525
931	华晨金杯
932	华晨鑫源
933	华晨中华
934	华晨中华V3
935	华骏
936	华泰
937	幻速H2
938	皇冠
939	辉昂
940	辉道
941	辉腾
942	霍顿
943	吉利
944	吉利博瑞
945	吉利博越
946	吉利帝豪
947	吉利帝豪EC7
948	吉利帝豪GS
949	吉利豪情
950	吉普
951	吉普车
952	极光
953	佳乐
954	佳美
955	嘉旅
956	嘉年华
957	嘉年华ST
958	甲壳虫
959	江淮
960	江淮iEV6E
961	江淮瑞风
962	江淮瑞风M5
963	江淮瑞风S3
964	江淮瑞风s3
965	江淮悦悦
966	江铃
967	江铃陆风
968	江铃皮卡
969	江铃驭胜
970	杰德
971	捷豹
972	捷豹xe
973	捷豹XFL
974	捷豹XFl
975	捷豹路虎
976	捷达
977	捷达2002CiX
978	捷恩斯
979	捷恩斯G70
980	金杯750
981	金杯阁瑞斯丰田
982	金刚
983	金牛星
984	金牛座
985	进口标致
986	进口大众
987	进口大众高尔夫
988	进口大众迈腾
989	进口大众尚酷
990	进口讴歌RL
991	劲畅
992	劲炫
993	晶锐
994	景程
995	竞瑞
996	九代雅阁
997	久保田
998	君威
999	君威GS
1000	君越
1001	君越30H
1002	君越混动
1003	君越全混动
1004	俊风t26
1005	卡宾
1006	卡缤
1007	卡迪拉克
1008	卡罗拉
1009	卡曼
1010	卡曼cayman
1011	卡宴
1012	开瑞
1013	开瑞K50
1014	凯迪拉克
1015	凯迪拉克CT6
1016	凯迪拉克CT6PHEV
1017	凯迪拉克LTS
1018	凯迪拉克PHEV
1019	凯迪拉克SRX
1020	凯迪拉克srx
1021	凯迪拉克XTS
1022	凯迪拉克凯雷德
1023	凯迪拉克总统一号
1024	凯美瑞
1025	凯美瑞混动
1026	凯旋
1027	凯翼
1028	凯越
1029	凯越HRV
1030	凯尊
1031	康明斯
1032	考斯特
1033	柯兰多
1034	科雷傲
1035	科雷嘉
1036	科鲁兹
1037	科鲁兹XL
1038	科鲁玆
1039	科迈罗
1040	科尼赛格
1041	科帕奇
1042	科沃兹
1043	克莱斯勒
1044	克莱斯勒300C
1045	克莱斯勒铂锐
1046	克莱斯勒道奇酷威
1047	酷路泽
1048	酷威
1049	拉达
1050	兰博基尼
1051	兰博基尼Aventador
1052	兰博基尼Diablo
1053	蓝标H2
1054	蓝鸟
1055	蓝瑟
1056	蓝瑟Evolution
1057	揽胜
1058	郎境
1059	朗动
1060	朗行
1061	朗境
1062	朗朗
1063	朗型
1064	朗逸
1065	浪迪
1066	劳斯莱斯
1067	劳斯莱斯幻影
1068	老富康
1069	老马
1070	老奇骏
1071	老四眼
1072	乐风
1073	雷傲
1074	雷丁
1075	雷克萨斯
1076	雷克萨斯CT200h
1077	雷克萨斯ES200
1078	雷克萨斯LC500
1079	雷克萨斯LX570
1080	雷克萨斯NX
1081	雷克萨斯凌志LX570
1082	雷凌
1083	雷凌双擎
1084	雷诺
1085	雷诺Clio
1086	雷诺Duster
1087	雷诺Zoes
1088	雷诺大风景
1089	雷诺风朗
1090	雷诺卡缤
1091	雷诺科雷傲
1092	雷诺日产
1093	雷诺泰诺
1094	雷斯特
1095	骊威
1096	李尔
1097	理念S1
1098	力帆
1099	力帆迈威
1100	力狮
1101	莲花
1102	猎豹
1103	猎豹CS10
1104	猎豹的2030A
1105	猎豹飞腾
1106	猎豹黑金刚
1107	林肯
1108	林肯Continental
1109	林肯领袖一号
1110	林肯新Continental
1111	林荫大道
1112	铃木
1113	铃木北斗星
1114	铃木锋驭
1115	铃木吉姆尼
1116	铃木利亚纳
1117	铃木启悦
1118	铃木天语
1119	铃木维
1120	铃木维特拉
1121	凌度
1122	凌度GTS
1123	凌渡
1124	凌渡230
1125	凌渡280
1126	凌渡GTS
1127	凌派
1128	凌耀
1129	凌志
1130	羚羊
1131	领动
1132	领驭
1133	柳机五菱
1134	柳汽
1135	楼兰
1136	陆风
1137	陆风Ｘ５
1138	陆风x7
1139	陆风X8
1140	陆虎
1141	陆虎揽胜
1142	陆巡
1143	路感
1144	路虎
1145	路虎发现神行
1146	路虎极光
1147	路虎进口神行者2
1148	路虎揽胜
1149	路虎揽胜极光
1150	路虎神行者2
1151	路特斯
1152	罗孚75
1153	罗兰加洛斯
1154	马5
1155	马6
1156	马8
1157	马丁
1158	马六
1159	马三
1160	马自达
1161	马自达3
1162	马自达5
1163	马自达6
1164	马自达8
1165	马自达Atenza
1166	马自达CX5
1167	马自达阿特兹
1168	马自达韩泰
1169	马自达全球
1170	玛驰
1171	玛莎
1172	玛莎拉蒂
1173	玛莎拉蒂Birdcage
1174	玛莎拉蒂GranCabrio
1175	玛莎拉蒂GT
1176	玛莎拉蒂MC
1177	迈巴赫6
1178	迈巴赫Exelero
1179	迈巴赫S级
1180	迈凯轮
1181	迈旅
1182	迈锐宝
1183	迈锐宝XL
1184	迈瑞宝
1185	迈腾
1186	迈腾B7L
1187	迈腾B8
1188	迈腾b8
1189	麦弗逊
1190	梅赛德斯
1191	梅赛德斯奔驰
1192	梅赛德斯奔驰A180
1193	蒙迪欧
1194	蒙迪欧Ecoboost
1195	蒙丢丢
1196	迷你
1197	名爵
1198	名爵3
1199	名爵MG3
1200	名图
1201	明锐
1202	明锐RS
1203	牧马人
1204	纳智捷
1205	纳智捷锐3
1206	纳智捷优6
1207	尼桑
1208	尼桑产的M30
1209	讴歌
1210	讴歌CDX
1211	讴歌MDX
1212	讴歌NSX
1213	欧宝
1214	欧宝Corsa
1215	欧宝雅特
1216	欧蓝德
1217	欧力威
1218	欧诺
1219	欧尚
1220	欧悦搏
1221	帕杰罗
1222	帕美
1223	帕萨特
1224	帕萨特B1
1225	帕萨特B5
1226	帕萨特B8
1227	帕萨特R
1228	帕萨特领驭
1229	派喜
1230	普拉多
1231	普力马
1232	普瑞维亚
1233	普桑
1234	齐骏
1235	奇骏
1236	奇瑞
1237	奇瑞QQ
1238	奇瑞TIGGOTX
1239	奇瑞艾瑞泽5
1240	奇瑞风云2
1241	奇瑞捷豹路虎
1242	奇瑞拉
1243	奇瑞路虎
1244	奇云
1245	骐达
1246	启辰
1247	启辰R50
1248	启辰r50
1249	启辰T70
1250	启辰T90
1251	启辰晨风
1252	启程
1253	启悦
1254	起亚
1255	起亚Forte
1256	起亚K2
1257	起亚K5
1258	起亚KX3
1259	起亚福瑞迪
1260	起亚锐欧
1261	起亚赛拉图
1262	起亚新KX3
1263	起亚秀尔
1264	起亚智跑
1265	千里马
1266	秦
1267	青年莲花
1268	日产
1269	日产Infinity
1270	日产Leaf
1271	日产Terrano
1272	日产东风风度MX6
1273	日产楼兰
1274	日产帅客
1275	日产轩逸
1276	日产颐达
1277	日野
1278	荣达
1279	荣放
1280	荣光
1281	荣威
1282	荣威360
1283	荣威550
1284	荣威750
1285	荣威E50
1286	荣威e550
1287	荣威e950
1288	荣威RX5
1289	锐虎
1290	锐界
1291	锐欧
1292	锐腾
1293	锐志
1294	瑞风
1295	瑞风M3
1296	瑞风S2
1297	瑞风S3
1298	瑞风s3
1299	瑞风S5
1300	瑞风第三代
1301	瑞虎
1302	瑞虎7
1303	瑞纳
1304	瑞麒
1305	瑞麒x1
1306	瑞翼
1307	睿骋CC
1308	睿翼
1309	飒凯
1310	萨博
1311	萨帕特
1312	塞拉图
1313	赛欧
1314	三飞
1315	三菱
1316	三菱ASX
1317	三菱EVO
1318	三菱TR4
1319	三菱劲炫
1320	三菱蓝瑟
1321	三菱欧蓝德
1322	三菱帕杰罗
1323	桑纳塔
1324	桑塔啦
1325	桑塔那
1326	桑塔纳
1327	桑塔纳2000
1328	桑塔纳Cross
1329	桑塔纳LS
1330	桑塔纳MPV
1331	桑塔纳浩纳
1332	森林人
1333	森雅
1334	森雅R7
1335	森雅S80
1336	上海MG7
1337	上海大众
1338	上海大众POLO
1339	上海大众VW
1340	上海大众捷达
1341	上海大众朗行
1342	上海大众朗逸
1343	上海大众帕萨特
1344	上海大众斯柯达
1345	上海大众斯柯达昊锐
1346	上海大众斯柯达明锐
1347	上海大众斯柯达昕动
1348	上海大众途观
1349	上海大众新朗逸
1350	上海桑塔纳
1351	上海斯柯达
1352	上海通用
1353	上海通用别克
1354	上海通用别克昂科拉
1355	上海通用别克君威
1356	上海通用别克凯越
1357	上海通用别克英朗
1358	上海通用雪佛兰
1359	上海通用雪佛兰赛欧
1360	上汽
1361	上汽大众
1362	上汽大众Cross桑塔纳
1363	上汽大众Lamando凌渡
1364	上汽大众辉昂
1365	上汽大众朗境
1366	上汽大众朗逸
1367	上汽大众凌渡
1368	上汽大众凌渡GTS
1369	上汽大众斯柯达
1370	上汽大众斯柯达Yeti
1371	上汽大众斯柯达晶锐
1372	上汽大众途安L
1373	上汽大众途观
1374	上汽荣威
1375	上汽荣威e950
1376	上汽荣威eRX5
1377	上汽斯柯达
1378	上汽通用
1379	上汽通用别克
1380	上汽通用凯越
1381	上汽通用五菱
1382	上汽通用雪佛兰
1383	上汽新能源
1384	尚酷
1385	绅宝
1386	绅宝d50
1387	神龙
1388	神龙PSV
1389	神龙富康
1390	圣达菲
1391	胜达
1392	十代思域
1393	实马
1394	世代
1395	世嘉
1396	双环
1397	双龙
1398	双龙爱腾
1399	双龙柯兰多
1400	思铂睿
1401	思铭
1402	思域
1403	斯巴鲁
1404	斯巴鲁XV
1405	斯巴鲁傲虎
1406	斯巴鲁力狮
1407	斯巴鲁森林人
1408	斯巴鲁翼豹
1409	斯堪尼亚
1410	斯柯达
1411	斯柯达Kodiaq
1412	斯柯达SUPERB
1413	斯柯达VisionS
1414	斯柯达Yeti
1415	斯柯达昊锐
1416	斯柯达晶锐
1417	斯柯达明锐
1418	斯柯达速派
1419	斯柯达速派Combi
1420	斯柯达速尊
1421	斯柯达昕动
1422	斯柯达昕锐
1423	斯柯达野帝
1424	斯柯达野帝2
1425	斯科达速派
1426	斯威
1427	斯威X7
1428	四皇
1429	松花江5型
1430	宋
1431	速派
1432	速派TSI330智行版
1433	速腾GLI
1434	索八
1435	索纳塔
1436	索纳塔8
1437	索纳塔9
1438	索纳塔八
1439	探险者
1440	特斯拉
1441	腾势
1442	天津一汽
1443	天津一汽骏派A70
1444	天津一汽威志V2
1445	天津一汽夏利
1446	天津一汽夏利N5
1447	天籁
1448	添越Mulliner
1449	通汽
1450	通用
1451	图图
1452	途安
1453	途安L
1454	途安l
1455	途安L3
1456	途观
1457	途观XL
1458	途乐
1459	途锐
1460	途睿欧
1461	途胜
1462	王子
1463	威驰
1464	威朗
1465	威朗轿跑
1466	威乐
1467	威霆
1468	威旺M30
1469	维特拉
1470	卫士
1471	蔚揽
1472	沃尔沃
1473	沃尔沃360
1474	沃尔沃S40
1475	沃尔沃S60
1476	沃尔沃S60L
1477	沃尔沃S80L
1478	沃尔沃S90
1479	沃尔沃V40
1480	沃尔沃V60
1481	沃尔沃XC60
1482	沃尔沃xc60
1483	沃尔沃XC90
1484	五菱
1485	五菱宝骏
1486	五菱宏光
1487	五菱宏光S
1488	五菱乐驰
1489	五菱荣光
1490	五菱神车
1491	五菱神光
1492	五菱小卡
1493	五菱小面
1494	五菱之光
1495	五菱之光S
1496	五十铃
1497	西玛
1498	西雅特
1499	西雅特Ateca
1500	西雅特欧悦搏
1501	西雅特伊比飒
1502	西亚特
1503	西耶那
1504	夏朗
1505	夏利
1506	夏利2000
1507	夏利n3
1508	夏利N3
1509	夏利N5
1510	现代
1511	现代i30N
1512	现代ix25
1513	现代ix35
1514	现代飞思
1515	现代捷恩斯
1516	现代朗动
1517	现代名图
1518	现代起亚
1519	现代瑞奕
1520	现代索八
1521	现代索纳塔
1522	现代索纳塔八
1523	现代途胜
1524	享御
1525	逍客
1526	小3
1527	小4
1528	小6
1529	小A
1530	小a
1531	小C
1532	小昂
1533	小八
1534	小霸王
1535	小博
1536	小海
1537	小康
1538	小科
1539	小理
1540	小马儿
1541	小迈
1542	小帕
1543	小七
1544	小三
1545	小四
1546	小松
1547	小夏
1548	小旋风
1549	昕动
1550	昕锐
1551	昕悦
1552	新帕
1553	熊猫
1554	秀尔
1555	轩逸
1556	炫丽
1557	雪佛兰
1558	雪佛兰Impala
1559	雪佛兰Suburban
1560	雪佛兰创酷
1561	雪佛兰黑斑羚
1562	雪佛兰科鲁兹
1563	雪佛兰科迈罗
1564	雪佛兰科帕奇
1565	雪佛兰科沃兹
1566	雪佛兰克尔维特Z06
1567	雪佛兰乐驰
1568	雪佛兰迈锐宝xl
1569	雪佛兰迈锐宝XL
1570	雪佛兰萨博班
1571	雪佛兰赛欧
1572	雪佛兰沃蓝达
1573	雪佛兰现乐风RV7
1574	雪弗兰
1575	雪弗兰科鲁兹
1576	雪弗兰赛欧
1577	雪铁龙
1578	雪铁龙11CV
1579	雪铁龙c2
1580	雪铁龙C4L
1581	雪铁龙c4世嘉
1582	雪铁龙C5
1583	雪铁龙世嘉
1584	巡洋舰
1585	雅阁
1586	雅阁锐混动北美版
1587	雅力士
1588	雅致
1589	野帝
1590	野马
1591	一虎
1592	一汽
1593	一汽A4
1594	一汽奥迪
1595	一汽奥迪q3
1596	一汽奔腾
1597	一汽大众
1598	一汽－大众
1599	一汽大众CC
1600	一汽大众奥迪
1601	一汽大众捷达
1602	一汽大众迈腾
1603	一汽大众速腾
1604	一汽丰田
1605	一汽丰田RAV4
1606	一汽丰田卡罗拉
1607	一汽丰田凯美瑞
1608	一汽海马
1609	一汽吉林
1610	一汽吉林V80
1611	一汽吉林森雅S80
1612	一汽马自达
1613	一汽迈腾
1614	伊兰特
1615	依维柯
1616	颐达
1617	逸动
1618	逸动XT
1619	翼博
1620	翼搏
1621	翼虎
1622	翼神
1623	英菲尼迪
1624	英菲尼迪ESQ
1625	英菲尼迪Q50L
1626	英菲尼迪QX30
1627	英朗
1628	英朗GT
1629	英朗自豪
1630	永源A380
1631	雨燕
1632	驭胜S350
1633	域虎
1634	远景
1635	远景SUV
1636	悦达起亚
1637	悦动
1638	悦纳
1639	悦翔
1640	悦翔V3
1641	悦翔V7
1642	悦悦
1643	战神GTR
1644	长安
1645	长安CS15
1646	长安cs15
1647	长安CS35
1648	长安cs35
1649	长安CS75
1650	长安cs75
1651	长安CS95
1652	长安CX70
1653	长安奔奔
1654	长安标致雪铁龙
1655	长安大众
1656	长安福特
1657	长安福特福克斯
1658	长安福特福睿斯
1659	长安福特福特蒙迪欧致胜
1660	长安福特新福克斯
1661	长安福特翼博
1662	长安福特翼虎
1663	长安杰勋
1664	长安金牛星
1665	长安铃木
1666	长安铃木奥拓
1667	长安铃木羚羊
1668	长安铃木启悦
1669	长安铃木天语
1670	长安铃木维特拉
1671	长安铃木雨燕
1672	长安马自达
1673	长安马自达3
1674	长安欧力威
1675	长安欧诺
1676	长安欧尚
1677	长安睿骋
1678	长安沃尔沃S40
1679	长安星光4500
1680	长安星卡
1681	长安逸动
1682	长安悦翔
1683	长安悦翔V7
1684	长安之星
1685	长城
1686	长城C30
1687	长城M4
1688	长江EV
1689	长马
1690	郑州日产
1691	郑州日产俊风
1692	郑州日产皮卡
1693	之诺60H
1694	知豆
1695	指南者
1696	志炫
1697	致尚
1698	致尚XT
1699	致胜
1700	致炫
1701	致悦
1702	智跑
1703	中国一汽
1704	中华
1705	中华H530
1706	中华V3
1707	众泰
1708	众泰LP700
1709	众泰T600
1710	众泰T700
1711	众泰Z500
1712	众泰z500
1713	众泰Z700
1714	众泰z700
1715	众泰大迈
1716	众泰大迈X5
1717	众泰朗悦
1718	众泰云100
1719	自由光
1720	自由侠
1721	尊荣
1722	1系Active e(E82)
1723	保时捷 macan
1724	保时捷 Macan
1725	保时捷718 Cayman S
1726	保时捷911 Turbo
1727	保时捷919 HYBRID
1728	保时捷Cayman GT4
1729	718 Cayman S
1730	718 Cayman
1731	A3 Sportback
1732	奥迪 A3 e-tron
1733	奥迪A3e-tron
1734	奥迪A6L e-tron
1735	A3 e-tron
1736	A45 AMG
1737	A5/S5 Sportback
1738	凯迪拉克ATS-L
1739	ATS-L
1740	ats-l
1741	BMW 7
1742	BMW iPerformance
1743	BMW i
1744	BMW M2
1745	BMW VISION NEXT 100
1746	C3- XR
1747	东风雪铁龙C3-XR
1748	雪铁龙c3-xr
1749	雪铁龙C3-XR
1750	C3-XR
1751	本田 CH125 Spacy
1752	CH125 Spacy
1753	Concept B
1754	Corss Polo
1755	Cross   Lavida
1756	Cross  Lavida
1757	Cross  Polo
1758	Cross Polo
1759	Cross Santana
1760	Cross Polo
1761	福特Crown Victoria Police Interceptor
1762	Crown Victoria Police Interceptor
1763	本田CR-V
1764	CR-V
1765	凯迪拉克CT6 PHEV
1766	CT6 PHEV
1767	马自达CX-4
1768	马自达CX-5
1769	马自达CX-6
1770	马自达RX-8
1771	CX-4
1772	CX-5
1773	DS 4S
1774	DS 5LS
1775	DS 4S
1776	F-150
1777	捷豹 F-PACE
1778	F-PACE
1779	FT-1
1780	FT-HS
1781	G63 AMG
1782	Genesis G70
1783	GOLF R
1784	Gran Lavida FL
1785	GS4 PHEV
1786	i NEXT
1787	Lanamdo 凌渡
1788	Land Cruiser Prado
1789	LC 500
1790	LX 570
1791	Mark 7
1792	Mark VIII
1793	Maserati 250F
1794	MG-TF
1795	MINI COUNTRYMAN
1796	MINI E
1797	MINI JCW
1798	Model S
1799	MX-5
1800	上海大众New Polo
1801	New Polo
1802	NEW POLO
1803	New York
1804	Octavia RS
1805	大众新POLO GTI
1806	POLO GTI
1807	Polo GTI
1808	Polo GTi
1809	POLO R WRC
1810	RAV4 荣放
1811	S90 T6
1812	smart fortwo
1813	SX4 S-Cross
1814	大众T-Cross
1815	T-Cross
1816	Tiguan Sport
1817	Tiguan Sport
1818	V60 Polestar
1819	Vision C
1820	Volkswagen Polo
1821	X1 xDrive25Le
1822	XF L
1823	XM Concept
1824	本田XR-V
1825	XR-V
1826	YARiS L致炫
1827	Yeti 2
1828	Yeti SUV
1829	阿尔法·罗密欧
1830	阿斯顿·马丁
1831	阿斯顿马丁DBS6.0
1832	宝马 S 1000 RR
1833	宝马 X5
1834	宝马M4 GTS
1835	宝马MINI Cooper
1836	宝马S 1000 RR
1837	宝马X5 xDrive40e
1838	奔驰 smart
1839	奔驰GLS 350
1840	奔驰-迈巴赫6
1841	别克·凯越
1842	大众 Cross Coupe GTE
1843	大众Polo R WRC
1844	大众T3 Transporter
1845	大众T3 Transporter
1846	大众高尔夫 GTI
1847	大众-朗逸
1848	戴姆勒-克莱斯勒
1849	道奇Charger Pursuit
1850	道奇Charger Pursuit
1851	东风日产·启辰
1852	东风英菲尼迪 Q50L
1853	东南DX7-博朗
1854	丰田C-HR
1855	丰田Hilux SW4
1856	丰田小面包 Townace
1857	高尔夫 GTI
1858	广汽传祺GA3S PHEV
1859	哈弗H6 Coupe
1860	辉昂 PHIDEON
1861	捷豹F-Type
1862	骏马 2008
1863	卡罗拉GL-i
1864	科鲁 兹
1865	朗 动
1866	朗 逸
1867	雷克萨斯LF-LC
1868	力帆 320
1869	猎豹-CS10
1870	林肯 MKX
1871	凌渡 GTS
1872	陆风 X5
1873	陆风 X7
1874	玛莎拉蒂GranCabrio Novitec
1875	玛莎拉蒂GranTurismo MC Stradale
1876	梅赛德斯·奔驰
1877	梅赛德斯-奔驰GLC43 Coupe
1878	梅赛德斯-奔驰卡车
1879	梅赛德斯-奔驰
1880	摩根4-4
1881	讴歌-MDX
1882	起亚 K5
1883	日产GT-R
1884	日产蓝鸟 U13
1885	三菱i-MiEV
1886	桑塔纳（尚纳）
1887	桑塔纳（浩纳）
1888	桑塔纳·浩纳。
1889	桑塔纳·浩纳
1890	桑塔纳 2000
1891	双环 SCEO
1892	斯柯达 KODIAQ
1893	斯柯达 Yeti
1894	斯柯达OCTAVIA COMBI明锐
1895	斯柯达-Yeti
1896	速腾R-Line
1897	特斯拉Model S
1898	沃尔沃-XC60
1899	现代265LC-7
1900	一汽-大众奥迪
1901	一汽-大众迈腾
1902	一汽-大众
1903	长安SUV的 CS75
1904	长安铃木启 悦
1905	知豆ZD-1
1906	铃木（凯泽西）
1907	途安Ｌ