028171	测试的主角---全新速派TSI330智行版测试的主角---全新速派TSI330智行版测试的主角---全新速派TSI330智行版斯柯达标--这个角度看上去是不是很帅前大灯采用三角折面造型，立体晶璨切割，黑底银色悬浮线条设计，打造多型面几何层次前大灯采用AFS随动转向（自动进行灯光角度调节）和MDFS大灯动态辅助（避免夜间灯光对前方驾驶员或对向驾驶员造成炫目）技术，给驾驶员夜间提供清晰宽阔视野全新速派这一路---实在不简单全新18英寸黑色精车轮毂，增加行驶稳定性，彰显时尚动感视觉效果全新18英寸黑色精车轮毂，增加行驶稳定性，彰显时尚动感视觉效果全新速派TSI330智行版整装待发测试的第一步先将车辆预热到正常的工况（如水温，油温等），然后安装测试所需的设备，本次所用的测试设备可以测试车辆的动力性，制动性等性能参数，如车辆达到不同车速时的加速时间，距离，纵横向加速度；车辆在不同车速下的制动距离，时间，纵横向制动减速度等，这些数据有助于我们进一步了解所测车辆的技术状况。
028169	而高尔夫GTI、新速腾GLI和新速腾R-Line这些产品家族中极具动感的车型，也在赛场之外将一汽-大众的运动基因体现得淋漓尽致，为渴望驾驶乐趣的消费者提供了个性化的选择。
028168	正因为它贵它又是很便宜的因为买对一套产品好过买错三套产品其实我和您一样希望能够以最低的价格买到最好的品质的东西但我从未发现任何一家公司以最低的价格提供最高品质的产品和服务就好象奔弛汽车不可能卖到桑塔纳的价格您说呢？
028164	但光有颜值是远远不够的，毕竟是辆车啊，还得开着舒服吧，没问题，晶锐完全满足你，因这也是我爱上晶锐的原。
028163	得益于途安L全系均采用电子手刹，中央扶手箱内部容积和规整性表现均得到显著提升，其深度与大屏智能手机相仿，此外底部带有丝绒内衬，能够降低行车途中的内部噪音。
028152	操控没的说，指哪打哪，好几次要不是宝马的操控良好指向明确我可能出事都好几回了，宝马的操控真不是盖的
028149	和别克其他车型相比，威朗整体视觉重心下移，更加动感；内饰方面，威朗展现了美式豪华，丰富的线条搭配亮色木纹装饰，时尚与运动并存；。
028148	北汽威旺S50试驾体验会。
028147	速派跟我一个月了，车确实挺好，沒有网友说的那些毛病，提速刚刚的
028146	进口奥迪1700公里刹车片开裂,5000公里磨损极限。
028143	东风风神A60从轩逸继承的盾形中控面板已经更换了布局，空调区域改为更现代化的电子调节旋钮，而影音系统部分则使用更直观的操作按键，上手难度降低。
028132	只能说还可以，车门有异响烦死了，不过我一个人开车音响声音开得比较大，开到40你懂的。超过40就开始失真了。因为我的君越改过一套意大利赫兹的音响，所以不会觉得音响很好。不是发烧级别的基本够用了。
028129	凌渡的内饰也是很精致的，增加了车子的摆放物体空间，增加了精美的细节。
028128	品鉴会时，标致厂家公开明示叫板，将朗逸和英朗作为竞争车型。
028127	猎豹CS10主攻事业小有成就、积极进取的都市“傲闯”族群，将陆续推出1.5T、1.6T及2.0T三种动力配置，搭配MT、DCT及AT变速器多个版本以供选择。
028126	全新奔腾b50搭载了4gb系列高性能发动机，该发动机具有高功率、低速大扭矩等优势。
028122	帕萨特的外观造型相对较成熟稳重，相比迈腾和君越都来带的最新设计语言，帕萨特在造型方面显得有点跟不上节奏。
028114	宝马的尾标通常是3个数字，第一个数字代表不同级别的车型，后两个数字和排量挂钩，但X系列和Z4只有两个数字，并没有第一个数字。
028109	大众- 途观- 2011款 1.8TSI 手自一体 风尚版。
028107	雪佛兰赛欧车身锈蚀，上海通用耍流氓
028105	昨天，在北京前门标致大道，新一代标致308首次亮相，这款即将上市的新车完全可以用脱胎换骨来形容，点阵式格栅前脸，向硬朗转化的腰身，狮爪尾灯，形成了浑然一体的法式风情，前几代308法国脸，自主屁股的诟病终于被新车终结。
028104	我被它的外形迷住了，现在真的很后悔选择了知豆！！！一公里1.9元相当于多大排量的汽车！！！！！想要购买知豆的朋友，我希望你们慎重，不要和我一样！！！！
028101	小型车：本田-飞度新车指导价：7.38-11.28万。
028100	借鉴Vision C概念车的设计语言，全新速派凌厉的外观线条给人硬朗的视觉效果，全新标配氙气大灯，日间行车灯也变为流行的光晕表现方式。
028098	虽然21世纪的头十年，似乎任何一辆具有时尚外观，性价比更受老百姓亲睐的新车型问世都能掀起一阵波澜，但是大浪淘沙后，只有别克凯越没有减少的迹象。
028097	从市场角度来看，帝豪GS拥有年轻化设计，是吉利拓展年轻消费市场重要车型。
028095	易手好车●改变生活  2012款大众途观
028092	下面先就半年的凌渡用车感受，我先跟大家分享下它的动力如何？
028090	2000年第二代奥迪A4亮相，全新奥迪A4采用了代号B6的大众PL46平台，这个平台为A4提供了更优秀的底盘结构。
028087	人均收入最高的国家之一瑞士，豪车遍地，但斯柯达的销量也很好！
028083	可以看得出来大众是足够的任性的，但是现在的大众形象也好、口碑也好根本不能和当初相提并论。
028077	我刚结婚，和媳妇儿一起选的速派。
028067	除了价格，凯越从外形设计到技术配置，跟和别克全新英朗、威朗、新一代君越这些产品都有代沟。
028064	全新朗逸真不赖，实用性给点个赞！
028062	另外，可以发现全新Tiguan前格栅增加了字母“R”标识，证明采用R-line套件的版本也将引入国内。
028056	明锐的车子180适合开吗
028055	试驾速派这种担心就没有了，我试了几次高速，速派的操控比较精准，方向盘低速灵活高速沉稳，指哪打哪，底盘也感觉很扎实，很紧凑，超货车时没有抖动感，刹车反应灵敏。
028054	茶哥点评：每个月轿车销量榜前十名里面，也会有桑塔纳的身影，对于10万以下的合资品牌家用车来说，桑塔纳也是比较值得入手的一款车型，牌子好、耐用、实用、毛病少，不过其销量也一直排在“同门兄弟”捷达后面，主要在性价比上，捷达要高一点点。
028051	众泰提升你的质量，管好你的售后，解决我的问题
028050	[得意地笑]而在这一特殊节点上，其将推出目前旗舰轿车速派的换代车型。
028049	其实，凯迪拉克PHEV的具备相当的操控优势并不意外，甚至是应该的。
028039	写给纠结飞度与昕动的持币观望者，有没写清楚的可以追问
028034	以前听妹夫说朗逸很省油，所以直接买了朗逸。
028026	现在，小编就带各位看一下，大众新甲壳虫。
028024	茶哥点评：速腾自“断轴事件”之后，销量表现就一直没办法超越朗逸，但前十名里也一直有它的身影，这次虽然排名第七，但也有超过两万辆的月销量，可见它的受欢迎度依旧很高。
028019	在高科技配置方面，速派装配了自动泊车、车道偏离预警，而雅阁则配备了并线辅助功能，另外雅阁上面装配的GPS导航功能则是速派所没有的。
028007	联合腾讯网，上海大众New Polo联合大众一家·上海大众汽车俱乐部掀起了一场助力新青年“梦享2014世界杯”的网络运动。
028000	到2015年，宝马联合高通推出一款专为车主配备的 AR 眼镜，带上这款 AR 眼镜驾驶员在开车时可以看到导航数据、行驶速度、限速提示和岔口信息等。
027998	（价格图转自网上）    而第八代Passat旅行版在欧洲的起售价就不低，再加上选装件，价格自然就上去了，按照国内RLINE版本的配置进行选装，选装件的价格高达1.737万欧元（折合人民币约为12.8万元），14向电动调节ergo座椅7610元，全景天窗9780元，Discover Pro导航14044元，高配行驶辅助系统包（包含主动LED大灯，ACC，）21324元，Nappa皮椅16581元。
027995	虽然开了不到1000多公里，明显感觉方向盘精准，指哪打哪，且方向很轻，开着不是很累。之前都听说大众车地盘硬，果然啊，过个坑坑洼洼的，直接车内都能感觉到，也就叫路感吗，不过感觉支撑力很好，过弯有信心！
027994	北汽幻速H2E2016款 1.5L 手动 经典型 打不着火
027993	昕锐新车剐蹭后发现右后门及叶子板处两层漆
027988	上海大众吴忠唯一指定经销商│吴忠金富源汽车销售服务有限公司。
027987	很高，长安  五菱 这个价格根本买不到。
027974	在福特产品的投标以保持在尾气排放规则中的前列位置的过程中，发动机将发挥重要作用。
027971	在确保安全性和操控性的前提下，速派实现了卓有成效的轻量化。
027966	座椅舒适度绝对超过q5，感觉包裹很严实，材质也很到位，行车时的车内幽静程度也好于q5（怪我吊丝，别的车没接触过）
027956	有了这样的底气，东风风神首次披露了其“十三五”规划——国内前三，2020年品牌影响力达到行业平均水平、市场份额5%、销量125万辆，其中东风风神必达35万辆，挑战50万辆。
027951	斯巴鲁森林人发动机渗漏机油
027949	2016成都车展将会在9月2日正式开幕，在本届车展上，东风标致全新紧凑型SUV——4008将会发布，我们的探馆团队则在现场提前拍摄到这款车的实车。
027946	6月下旬，购买了爱卡与陕西斯柯达做的活动，购买的所谓爱卡定制版的新明锐，送的东西有膜有大屏影像等！
027943	而Jeep呢，小时候住的地方离我们这的部队大院不远，经常能看到吉普车来来往往的，感觉好拉风。
027936	道奇Charger Pursuit便是Charger的警用版本，在《极品飞车》系列游戏中可以经常见到它的身影。
027935	家有凌渡，生活简直太美好
027932	内饰上，新PoloGTI采用了酷黑内饰与格纹镶拼座椅，配合着红色缝线，再加上点缀与换挡护套边框、手刹按钮等处的银色镀铬装饰，能够充分激发车主的驾驭热情。
027926	【上汽大众南通宝腾】爱车凌渡记
027923	刚买一个月的一汽吉林V80汽车着火自燃，厂家与销售方多方推辞，一个月之久不予解决
027922	东风标致高速路上行驶突然出现发动机故障不能加油高速行驶车身抖
027912	前排空间绝对算是宽敞，我原来的POLO没法比，后排空间做为这个级别的车来说，也算不错了，后备箱比较小，后排座椅放倒后不平坦，我认为和应用全尺寸 的备胎有关
027910	车子现在开到2万多公里，开下来没有遇到什么大问题，很多人说迈腾“烧机油”，这个问题自己留意观察了一下，排气管没有冒过黑烟，机油也没有少得很快，“烧机油”自己的车暂时没有，总体来说德系车确实耐用，车子开起来也很顺手，大众的维修点多，保养价格也公道。
027909	我经常把法门比喻成车，虽然世界上有几百种品牌的车，但是只要你会开一种品牌的车，比如会开宝马，那么奔驰、桑塔纳你肯定也会开。
027902	毕竟途安L不是一款讲究操控的运动车型，而是家用的MPV。
027901	各种不该有的小问题出现在宋这个精品车上，真该扇比亚迪几巴掌。
027900	途观：大众品牌认可度比较高，做工扎实，保值率不错。
027894	到后面看看迈腾的后排空间不能说是无敌，但是自己坐过的B级车里属于大的级别。
027892	全新途安L增加了不少新的科技配置，像疲劳监测系统、智能泊车3.0、第2代MIB影音娱乐系统、超大全景天窗、带后排温控的三区空调，基本上都赶上B级车了。
027889	M5、M6是宝马旗下两款高性能轿跑车。
027888	DSG七速双离合变速箱，消除了扭矩的中断，让发动机的动力持续不断而又充分利用，更显驾乘平顺舒适。
027886	有了前驱之后，奥迪将更多精力放到了四驱系统quattro的研发上。
027883	茶哥点评：朗逸蝉联销量榜第一名的位置也很久了，它虽然没有太明显的优点，但也实在找不出它什么缺点，所以对于不少人来说，选择家用车，这辆牌子响、实用性强、销量高、口碑好的车型真乃第一选择了。
027881	New Polo的尾灯看起来很舒服，不规则立体造型非常时尚，清晰的灯腔设计就像炯炯有神的大眼睛，如果再加上后备箱开口的线条，这就是个笑脸，可爱极了！
027879	之前听人说帕美不好开，我开过后基本人肯定那些人在扯淡。
027874	翻看中汽协提供的去年国内汽车总销量排名，排在前列的五菱宏光、大众朗逸、哈弗H6、日产轩逸和宝骏730，均是摸清消费者诉求的贴心棉袄，属于工具而非玩具。
027861	有了SWA变道辅助系统，看不到视角盲区都有全新途安L帮你观测，临近车的位置、速度及方向尽在掌握，让变道更从容。
027860	召回车型：马自达6、马自达8、马自达RX-8。
027859	凯迪拉克则是转型成功的例子，它的特点比林肯清晰得多，外在层面延续美国价值，甚至是对美国经典车致敬，但内在层面用了欧洲技术，做到了所谓的取其精华去其糟粕。
027853	凯迪拉克CT6 PHEV的EVT平顺性应该会强于雷克萨斯的这套系统，不过成本和复杂程度也要更高一些。
027852	它们是来自上汽大众斯柯达的速派，一汽大众的全新迈腾，上汽大众的新帕萨特和广汽本田刚刚经过小改款的第九代雅阁，接下来你将会看到针对这四辆车的外观内饰空间动力的详细对比。
027849	昌河铃木沈阳中航标准4S店欺骗性卖车！
027835	当然是全新迈腾！
027832	大众全新朗逸更换桥头属三包吗?
027829	速派源自大众汽车集团MQB-B平台，长4861mm、宽1865mm、高1489mm的超大车身尺寸和2841mm的轴距成就了宽大座舱；座椅不仅具有良好的支撑性和包裹性，还提供座椅记忆、加热、通风等功能，再加上人性化的 Clean Air双温区全自动空调，满足了年轻车主们对舒适品质的追求。
027827	动力相比之前开的K5动力好很多，完全够用，就是起步没有涡轮增压那种感觉，后段很好
027825	作为上汽大众全新旗舰车型，PHIDEON辉昂用舒适尊贵体验重新定义豪华，将驾乘舒适度提升到全新高度，致力为国内精英人士打造高端品质的C级豪华车生活。
027823	凌渡是一款偏向于运动的A+级别轿车，定位介于速腾和迈腾之间的车型，但其车身尺寸相对紧凑级别轿车没有太大优势，只是在造型上面，颇有点中级车轿跑的风格，号称“奢适宽体轿跑”。
027822	卡罗拉焦作地区指导价：10.78-17.58万。
027820	通过不断推出高品质、高安全、高附加值的精品车型，吉利汽车在中国品牌车企中，领先创新发展。
027818	一汽吉林4S店改装低配当豪配卖
027814	全新速派，综合优惠32000元！
027812	来丰田就看的是卡罗拉，新卡罗拉在我家小区已经快成街车了，开也开过几次了所以也没试驾，要销售写了一份报价。