异响	266.31
问题	238.36
召回	185.24
严重	169.13
故障	123.43
不	112.32
抖动	103.91
解决	89.6
投诉	88.44
漏油	88.27
4S店	76.8
4s店	76.8
ssss	76.8
别克4S店	76
出现	73.3
机油	72.48
怠	66.46
太	64.87
欺诈	63.76
熄火	61.56
声音	61.36
很	59.17
导致	58.93
漏水	58.85
存在	56.48
烧	54.68
空间	53.17
安全隐患	50.14
质量	48.07
隐患	47.34
缺陷	47
响	46.94
怎么回事	46.8
突然	44.09
自燃	43.23
？	42.6
?	42.6
异味	41.98
客服	41.37
不予	41.37
太差	40.35
坏	40.12
顿挫	40
不好	39.56
不行	37.61
维修	35.72
存	35.05
感觉	34.71
刹车	34.28
无法	33.97
共振	33.46
生锈	33.1
下滑	32.24
维权	30.96
失灵	30.96
有点	30.56
损坏	28.96
欺骗	28.96
断裂	28.96
档	28.55
事件	28.36
合格证	28.13
发动机	26.95
现象	26.86
门	26.27
外观	26.21
有限公司	26.19
设计	26.09
开裂	24.82
不错	24.57
尾气	23.54
噪音	23.07
比较	23
加油	22.4
空调	22.34
赔偿	22.15
怎么办	22.08
变速箱	22.07
都	21.71
有异响	21.4
响声	21.4
简配	21.4
销量	20.81
非常	20.74
无果	20.69
裂纹	20.69
冷车	20.69
黑屏	20.69
刺鼻	20.69
气囊	20.65
配置	20.48
让	20.42
不到	20.24
原因	19.86
起步	19.82
更	19.82
保修期	19.79
厂家	19.69
轮胎	19.65
喜欢	19.47
制冷	19.25
保	19.24
故障率	19.24
下跌	19.24
厉害	18.91
次	18.85
渗油	18.75
打不开	18.75
太小	18.62
螺丝	18.57
车型	18.56
不够	18.56
还是	18.5
行为	18.37
实在	18.22
吗	18.11
大众公司	18.02
行驶	17.91
动力	17.7
码	17.57
拖挡	17.43
合格	17.43
拒绝	17.16
正常	17.04
影响	17.03
排放	16.74
熏	16.55
脱落	16.55
退还	16.55
解决办法	16.55
抖	16.55
大兴	16.55
抱死	16.55
垃圾	16.36
方向机	16.36
内饰	16.33
难看	16.26
偏	16.25
慢	16.05
换	16.01
好	15.98
上	15.79
后排	15.75
大	15.62
咋	15.2
感	15.19
满意	14.8
噪	14.74
声	14.71
锈蚀	14.71
频繁	14.71
跟不上	14.71
爆裂	14.71
打不着	14.64
粗糙	14.64
发出	14.41
开	14.39
座椅	14.38
为什么	14.18
它	14.06
操控	13.87
确实	13.82
高	13.79
油耗	13.69
没有	13.66
索赔	13.5
丑闻	13.5
柴油车	13.5
迟迟	13.46
油门	13.36
调查	13.35
山寨	13.35
明显	13.1
！	13
!	13
放弃	12.91
美国	12.74
事故	12.66
发生	12.58
烫	12.57
车身	12.56
修理	12.53
受不了	12.53
傻	12.53
减速	12.53
最差	12.41
中音	12.41
质检	12.41
糟糕	12.41
遭受	12.41
嫌	12.41
五环路	12.41
脱挡	12.41
腾	12.41
太丑	12.41
水管	12.41
失效	12.41
漆爆漆	12.41
期内	12.41
漏洞	12.41
漏电	12.41
哐	12.41
境地	12.41
极差	12.41
二哈	12.41
地胶	12.41
导轨	12.41
档升	12.41
嗒	12.41
爆震	12.41
爆漆	12.41
扳	12.41
觉得	12.39
异常	12.38
不爽	12.38
未	12.28
差	12.27
但是	12.26
后轮	12.25
修	11.96
小毛病	11.82
火	11.74
实施	11.72
怠速	11.69
安全	11.67
有	11.63
最	11.6
电瓶	11.54
这	11.24
时尚	11.18
玩	11.09
方面	11.07
受损	11.04
回事	11.04
通病	10.93
迟滞	10.93
前轮	10.92
能	10.91
就是	10.83
老	10.78
做工	10.76
下降	10.75
强烈要求	10.7
老化	10.7
壳子	10.7
简陋	10.7
积碳	10.7
和解	10.7
鼓包	10.7
断电	10.7
答复	10.7
库存	10.55
造成	10.48
时	10.47
听说	10.47
请教	10.4
有时	10.4
而且	10.36
造型	10.33
灰尘	10.25
人	10.24
蓝牙	10.24
跑	10.15
表现	10.15
可以	10.1
方向盘	10.07
提升	9.95
欧元	9.94
年款	9.94
全新	9.92
油泵	9.87
剐	9.87
不足	9.86
网站	9.85
毛病	9.77
副驾驶	9.73
将	9.64
硬伤	9.62
失去	9.62
商业	9.62
热车	9.62
奇葩	9.62
快要	9.62
干扰	9.62
灯亮	9.62
泵	9.62
被告	9.62
真的	9.53
喷漆	9.49
系统	9.48
共计	9.35
部分	9.09
实用	9.06
锁车	9.03
外形	9.02
听到	9.01
转向	9
说	8.98
更加	8.98
订金	8.97
牌	8.94
亮	8.83
退车	8.83
锦湖	8.83
接缝处	8.83
坚决	8.83
风窗	8.83
约合	8.79
调到	8.79
底下	8.79
坑	8.74
却	8.7
天窗	8.67
同比	8.64
失望	8.47
重大	8.45
导航	8.27
作假	8.27
左右摇摆	8.27
走道	8.27
总局	8.27
吱吱响	8.27
长鸣	8.27
杂牌	8.27
予以	8.27
愚弄	8.27
有天	8.27
游泳池	8.27
隐瞒	8.27
异	8.27
一前	8.27
啸叫	8.27
小石子	8.27
小点	8.27
相片	8.27
系统故障	8.27
嗡嗡	8.27
为题	8.27
微博	8.27
推卸责任	8.27
头疼	8.27
呫	8.27
所配	8.27
水壶	8.27
水泵	8.27
失误	8.27
渗漏	8.27
烧坏	8.27
乳化	8.27
忍受	8.27
轻飘飘	8.27
前侧	8.27
起皮	8.27
噗	8.27
配电	8.27
没风	8.27
马哥	8.27
马儿	8.27
麻将机	8.27
罗湖	8.27
乱收费	8.27
录	8.27
凉	8.27
冷启动	8.27
亏损	8.27
开回去	8.27
拒赔	8.27
拒	8.27
啾	8.27
接通	8.27
嘉兴	8.27
嚯	8.27
恢复正常	8.27
黄金眼	8.27
糊味	8.27
呼噜	8.27
后翼	8.27
狠	8.27
过长	8.27
咣	8.27
管理局	8.27
搞不懂	8.27
刚过	8.27
负面影响	8.27
费解	8.27
犯病	8.27
返修率	8.27
烦人	8.27
发放	8.27
抵制	8.27
低档车	8.27
到头	8.27
挡换	8.27
待见	8.27
大有人在	8.27
大拇指	8.27
蹿	8.27
臭车	8.27
惨淡	8.27
财务	8.27
不尽人意	8.27
悲哀	8.27
帮帮	8.27
半轴	8.27
斑点	8.27
拔凉	8.27
傲慢	8.27
凹陷	8.27
消费者	8.26
性价比	8.26
师傅	8.26
速	8.22
不能	8.22
高音	8.13
灯不亮	8.13
打火	8.13
低速	8.09
增长	8.05
说实话	8.04
检查	8
市场	7.96
启动	7.94
过后	7.93
舒适	7.89
减配	7.75
尴尬	7.75
报废	7.75
没用	7.74
竟然	7.67
没什么	7.62
喇叭	7.62
起火	7.58
驾校	7.58
防冻液	7.58
中国	7.56
品牌	7.53
出来	7.51
而	7.49
排除	7.49
拆	7.49
没	7.39
舒适性	7.39
原车	7.37
好像	7.35
时常	7.35
声响	7.35
强多	7.35
碰	7.35
进水	7.35
高压	7.35
还	7.33
底盘	7.28
消耗	7.27
哒	7.27
漆	7.24
不在	7.24
车子	7.21
软	7.17
难受	7.16
作为	7.14
支架	7.12
水箱	7.12
确认	7.12
点火	7.12
遇到	7.11
你们	7.09
庞大	7.04
后	6.99
天津	6.95
高速	6.92
功能	6.89
中	6.87
车友	6.87
舒服	6.87
过弯	6.76
肉	6.75
遭	6.75
油钱	6.75
样本	6.75
小视频	6.75
无力	6.75
提示音	6.75
坛子	6.75
太糙	6.75
随车	6.75
松动	6.75
水军	6.75
上山	6.75
人类	6.75
轻微	6.75
敲	6.75
欠	6.75
启动时	6.75
普利司通	6.75
尿性	6.75
里程表	6.75
老车	6.75
来电	6.75
控诉	6.75
空档	6.75
甲醛	6.75
韩国政府	6.75
跌幅	6.75
蛋	6.75
打击	6.75
惨	6.75
不符	6.75
别提	6.75
薄	6.75
罢工	6.75
特别	6.73
知名	6.73
跳	6.73
绝对	6.65
选择	6.64
安全性	6.64
减震	6.61
尤其	6.6
一直	6.58
停车	6.55
那	6.5
整体	6.47
谢谢	6.45
退	6.44
那位	6.44
刹车灯	6.44
出	6.42
周	6.4
代步车	6.4
倒车	6.27
人性化	6.24
要求	6.21
怀疑	6.19
成	6.17
低	6.14
线条	6.13
相比之下	6.12
股份	6.12
生命	6.1
储物	6.1
市区	6.08
效果	6.02
售后	6.01
有些	6
后备箱	5.97
科技	5.93
全部	5.91
吐	5.89
接受	5.88
那个	5.87
涉及	5.87
求助	5.87
转换	5.86
油封	5.86
一晃	5.86
橡胶	5.86
瞎	5.86
停靠	5.86
太肉	5.86
收费	5.86
荣	5.86
磨	5.86
没人	5.86
苦	5.86
开回	5.86
淮安	5.86
钢梁	5.86
费油	5.86
反	5.86
而后	5.86
断掉	5.86
带我去	5.86
大梁	5.86
错误	5.86
处罚	5.86
草	5.86
不亮	5.86
按时	5.86
年轻	5.83
原厂	5.77
处理	5.76
优势	5.76
挺	5.75
有时候	5.75
烂	5.75
撞车	5.75
刹车片	5.75
踩	5.73
足够	5.65
同时	5.63
永远	5.63
又	5.62
很大	5.61
时候	5.59
本来	5.59
理解	5.56
方案	5.56
经常	5.54
质保	5.5
带来	5.42
符合	5.39
显得	5.38
请问	5.37
地盘	5.36
风格	5.31
因为	5.29
售后服务	5.27
不知	5.27
过程	5.26
业务员	5.25
压缩机	5.25
推脱	5.25
太重	5.25
能比	5.25
那句话	5.25
屡	5.25
劲儿	5.25
尽快	5.25
接缝	5.25
好累	5.25
风噪	5.25
船	5.25
传动轴	5.25
除霜	5.25
测试数据	5.25
刚	5.24
喷	5.24
审美疲劳	5.23
请求	5.23
那边	5.23
没换	5.23
卖掉	5.23
记住	5.23
挤压	5.23
黄灯	5.23
忽悠	5.23
故意	5.23
大修	5.23
打死	5.23
抱怨	5.23
只好	5.2
事儿	5.2
同级	5.19
运动	5.19
车门	5.18
加速	5.16
货	5.14
希望	5.1
起来	5.09
车辆	5.08
力	5.03
想着	5.03
五年	5.03
接待	5.03
出厂	5.01
整	5.01
微型车	5.01
平均	4.99
这样	4.94
掉头	4.93
提车	4.92
以及	4.92
用料	4.92
地方	4.9
难以	4.89
报警	4.87
调节	4.84
品质	4.84
内侧	4.83
却是	4.82
报道	4.81
居然	4.76
技术	4.75
责任	4.75
女士	4.75
爹	4.75
不合理	4.75
奔	4.75
资格	4.74
轴承	4.74
芯片	4.74
损失	4.74
失败	4.74
枪	4.74
妈	4.74
客观	4.74
改过	4.74
扯	4.74
性	4.72
各位	4.7
受	4.7
店里	4.7
性能	4.68
车内	4.65
较	4.6
上市	4.6
月销量	4.6
上车	4.6
麻烦	4.6
加上	4.6
工作人员	4.6
蹭	4.6
联系	4.59
口碑	4.58
建议	4.56
直	4.47
那种	4.46
贵	4.46
真心	4.44
楼主	4.44
家用	4.44
能够	4.43
放倒	4.43
更换	4.4
内	4.39
不少	4.38
上有	4.38
碰到	4.38
高手	4.38
防撞	4.38
刹车盘	4.38
早上	4.37
升高	4.37
哪位	4.37
韩泰	4.37
别人	4.32
我们	4.31
转	4.31
顶配	4.31
毕竟	4.28
只能	4.27
水	4.23
驾驶	4.2
国家	4.18
前	4.17
障碍物	4.17
观望	4.17
强	4.14
体现	4.14
做一套	4.14
作出	4.14
左脚	4.14
最老	4.14
阻碍	4.14
总归	4.14
总额	4.14
字架	4.14
自新	4.14
自时	4.14
自裂	4.14
自愧不如	4.14
自救	4.14
自检	4.14
追求者	4.14
撞击声	4.14
撞掉	4.14
撞成	4.14
状物	4.14
装点	4.14
转后	4.14
转灯	4.14
转不动	4.14
砖家	4.14
专挑烂路	4.14
注要	4.14
注视	4.14
助力器	4.14
主板	4.14
竹叶山	4.14
轴门	4.14
重启动	4.14
中招	4.14
中汽	4.14
中环	4.14
中航	4.14
中国通	4.14
中关村	4.14
中港	4.14
中缸	4.14
中等偏上	4.14
致使	4.14
致命性	4.14
致冷	4.14
致癌物质	4.14
治疗	4.14
治	4.14
止	4.14
植入	4.14
支异	4.14
正要	4.14
整改	4.14
征兆	4.14
征税	4.14
震	4.14
阵亡	4.14
疹子	4.14
真牛	4.14
真够	4.14
折现	4.14
照路	4.14
招回	4.14
仗势欺人	4.14
长点	4.14
长大成人	4.14
责成	4.14
造假	4.14
赞对	4.14
暂且不说	4.14
仔细观察	4.14
杂费	4.14
杂	4.14
运通	4.14
越勇	4.14
越来越低	4.14
越多	4.14
约谈	4.14
愿开	4.14
远后	4.14
远高于	4.14
圆滚滚	4.14
原产	4.14
预料	4.14
逾期	4.14
余波未平	4.14
右后方	4.14
又会有	4.14
有用吗	4.14
有所作为	4.14
有嘶嘶响	4.14
有毒	4.14
油站	4.14
油污	4.14
油管	4.14
油灯	4.14
幽静	4.14
忧尚	4.14
忧伤	4.14
用武之地	4.14
涌达	4.14
永久	4.14
佣人	4.14
银川	4.14
音频设备	4.14
异性	4.14
以过	4.14
已难	4.14
一笑而过	4.14
一世	4.14
一码	4.14
一蹶不振	4.14
一刚	4.14
钥入	4.14
要弱	4.14
要关	4.14
要比	4.14
摇晃	4.14
样说	4.14
氧化	4.14
养鱼	4.14
羊毛出在羊身上	4.14
赝品	4.14
燕达	4.14
掩饰	4.14
严重破坏	4.14
严厉	4.14
雅虎	4.14
哑巴吃	4.14
寻常百姓	4.14
熏得	4.14
血泪	4.14
雪上加霜	4.14
削薄	4.14
选档	4.14
锈迹斑斑	4.14
锈	4.14
绣	4.14
胸	4.14
星之宝	4.14
信誉	4.14
信用	4.14
信心十足	4.14
新兴	4.14
新闻联播	4.14
心眼	4.14
心痛	4.14
心烦	4.14
效果显著	4.14
小油	4.14
小一	4.14
小玩意	4.14
小气	4.14
小帽子	4.14
小马哥	4.14
小黑点	4.14
小得多	4.14
小储物盒	4.14
销售商	4.14
销售方	4.14
消遣	4.14
想当年	4.14
响铃	4.14
箱支	4.14
箱里	4.14
乡间	4.14
显出	4.14
嫌小	4.14
下垂	4.14
细细的	4.14
洗脱	4.14
熄车	4.14
稀里糊涂	4.14
息火	4.14
唏嘘	4.14
吸要	4.14
西装笔挺	4.14
西藏高原	4.14
侮辱	4.14
五环	4.14
芜湖	4.14
无缘无故	4.14
无一例外	4.14
无恙	4.14
无形中	4.14
无懈可击	4.14
无锡	4.14
无胎	4.14
无时无刻	4.14
无风出	4.14
无动	4.14
沃尔夫斯堡	4.14
沃	4.14
我用	4.14
我少	4.14
蜗在	4.14
嗡嗡响	4.14
嗡	4.14
慰问	4.14
未予	4.14
卫报	4.14
尾窗	4.14
维修期	4.14
微动	4.14
微车	4.14
威斯	4.14
危害	4.14
网旁	4.14
惋惜	4.14
挽救	4.14
完蛋	4.14
外力	4.14
脱档	4.14
托挡	4.14
吞没	4.14
退换	4.14
退订	4.14
推卸	4.14
推诿	4.14
推辞	4.14
土鳖	4.14
途友	4.14
突遇	4.14
突突突	4.14
突突	4.14
秃	4.14
投诉无门	4.14
投诉量	4.14
偷看	4.14
铜陵	4.14
桐乡	4.14
同利达	4.14
通话	4.14
通城	4.14
停工	4.14
停导	4.14
贴见	4.14
条款	4.14
天黑	4.14
天诚	4.14
体形	4.14
体位	4.14
体积	4.14
提来	4.14
腾讯	4.14
特装	4.14
逃避	4.14
烫手	4.14
叹服	4.14
坦承	4.14
摊手	4.14
贪污	4.14
贪腐	4.14
态度恶劣	4.14
太拙	4.14
太渣	4.14
太弱	4.14
太轻	4.14
太慢	4.14
太黑	4.14
太费油	4.14
太颠	4.14
太次	4.14
胎噪风噪比	4.14
塌陷	4.14
锁住	4.14
锁死	4.14
锁上	4.14
所遇	4.14
隧道	4.14
塑料片	4.14
塑料板	4.14
速降	4.14
诉讼	4.14
搜索	4.14
送修	4.14
松油	4.14
松松垮垮	4.14
松开	4.14
死结	4.14
死沉	4.14
撕心裂肺	4.14
私房钱	4.14
说试	4.14
说卖	4.14
税点	4.14
水乡	4.14
水土不服	4.14
水汽	4.14
水气	4.14
双打	4.14
帅印	4.14
甩到	4.14
衰弱	4.14
衰减	4.14
耍起	4.14
数表	4.14
舒堂	4.14
舒不	4.14
受阻	4.14
受高	4.14
守门员	4.14
手档	4.14
释放出	4.14
试换	4.14
事实真相	4.14
似得	4.14
似	4.14
市中心	4.14
食欲	4.14
实线	4.14
时有时无	4.14
时异	4.14
时说	4.14
时冷时热	4.14
时间推移	4.14
时好时坏	4.14
时不时	4.14
石柱	4.14
石景山	4.14
失职	4.14
失园	4.14
失速	4.14
失火	4.14
省油的灯	4.14
生档慢	4.14
升缩	4.14
升级换代	4.14
肾	4.14
申联	4.14
涉事	4.14
社以	4.14
哨音	4.14
上撞	4.14
上油	4.14
上锈	4.14
上排	4.14
上海通用工厂	4.14
上半部	4.14
上阿	4.14
山脚下	4.14
纱帘	4.14
沙子	4.14
沙眼	4.14
杀人	4.14
杀回	4.14
丧失殆尽	4.14
散架	4.14
三日	4.14
三分钟	4.14
弱小	4.14
弱项	4.14
软绵绵	4.14
软不拉几	4.14
乳白色	4.14
如愿以偿	4.14
人事	4.14
热风	4.14
热大	4.14
去掉	4.14
驱使	4.14
区区	4.14
请速	4.14
情节	4.14
倾家荡产	4.14
倾不	4.14
侵占	4.14
切实	4.14
巧合	4.14
抢走	4.14
欠奉	4.14
千丝万缕	4.14
汽包	4.14
气体	4.14
气阀	4.14
崎岖不平	4.14
奇丑无比	4.14
漆薄	4.14
欺骗性	4.14
普利茅斯	4.14
普遍现象	4.14
普遍认为	4.14
普遍存在	4.14
铺天盖地	4.14
破音	4.14
屏裂	4.14
平伸	4.14
拼命	4.14
骗保	4.14
偏俗	4.14
偏磨	4.14
偏盖	4.14
疲态	4.14
皮耶希	4.14
披着	4.14
碰头	4.14
抨击	4.14
配卖	4.14
配来	4.14
赔款	4.14
陪你走	4.14
呸	4.14
跑得快	4.14
咆哮声	4.14
胖胖的	4.14
排自	4.14
排异	4.14
排水槽	4.14
排进	4.14
排查	4.14
女人气	4.14
弄弯	4.14
农用	4.14
牛气	4.14
拧上	4.14
娘胎	4.14
年事已高	4.14
年产量	4.14
泥巴	4.14
闹心	4.14
恼火	4.14
难于	4.14
难言之隐	4.14
南海区	4.14
那条	4.14
那会人	4.14
哪天	4.14
木圈	4.14
末期	4.14
磨平	4.14
明线	4.14
明亮	4.14
敏	4.14
妙	4.14
猛的	4.14
美中不足	4.14
美韩	4.14
每张	4.14
没找	4.14
没人要	4.14
没人来	4.14
没人管	4.14
没卵用	4.14
没离	4.14
没计	4.14
冒烟	4.14
慢腾腾	4.14
蛮有意思	4.14
买回	4.14
骂娘	4.14
麻点	4.14
麻痹	4.14
妈造车	4.14
裸漏	4.14
罗纳尔多	4.14
罗马尼亚	4.14
轮盘	4.14
路易	4.14
录像	4.14
炉火纯青	4.14
芦	4.14
漏雨	4.14
漏气	4.14
漏氟	4.14
流氓	4.14
留痕	4.14
另当别论	4.14
领道	4.14
临摹	4.14
裂口	4.14
裂痕	4.14
廖廖	4.14
晾干	4.14
两前	4.14
凉车	4.14
良机	4.14
廉颇老矣	4.14
联邦贸易委员会	4.14
联	4.14
连中配	4.14
连云港市	4.14
连快	4.14
连换	4.14
连带	4.14
连车	4.14
厉	4.14
历历在目	4.14
理赔	4.14
理睬	4.14
里头	4.14
礼拜天	4.14
离底	4.14
冷天	4.14
羸弱	4.14
雷同	4.14
了买	4.14
了仿	4.14
勒索	4.14
老是	4.14
老气横秋	4.14
劳烦	4.14
廊坊市	4.14
狼皮	4.14
辣鸡	4.14
拉缸	4.14
亏电	4.14
匡特	4.14
控制器	4.14
空穴来风	4.14
空隙	4.14
空调管	4.14
坑人	4.14
肯胎	4.14
客户服务	4.14
可取	4.14
可贵	4.14
可不	4.14
可悲	4.14
科技类	4.14
看开	4.14
看大	4.14
看不上	4.14
看不惯	4.14
刊文	4.14
开太大	4.14
开台	4.14
卡碟	4.14
卡齿	4.14
俊朗	4.14
巨大成功	4.14
举升	4.14
矩	4.14
就事论事	4.14
九天	4.14
揪心	4.14
境况	4.14
敬而远之	4.14
竟成	4.14
净亏损	4.14
井	4.14
精神损失	4.14
精明	4.14
进前	4.14
进风	4.14
进都	4.14
仅剩	4.14
解决不了	4.14
结晶	4.14
结合点	4.14
教训	4.14
较弱	4.14
较狠	4.14
觉车	4.14
矫情	4.14
胶状物	4.14
胶州	4.14
娇气	4.14
降档	4.14
江	4.14
减速慢行	4.14
检修	4.14
监督	4.14
间有	4.14
间断	4.14
尖细	4.14
价格昂贵	4.14
价高	4.14
嘉实多	4.14
佳通	4.14
加薪	4.14
加精	4.14
加不上	4.14
技术实力	4.14
技术部	4.14
极力推荐	4.14
基数	4.14
货比三家	4.14
火化	4.14
火柴盒	4.14
活塞环	4.14
混不下去	4.14
昏	4.14
会响	4.14
会卡	4.14
会车	4.14
回位	4.14
回弹	4.14
回传	4.14
辉瑞	4.14
黄油	4.14
黄水	4.14
黄莲	4.14
环境保护局	4.14
怀化	4.14
滑起来	4.14
哗众取宠	4.14
华侨城	4.14
华驰	4.14
花招	4.14
花旗集团	4.14
虎将	4.14
糊涂	4.14
忽上忽下	4.14
忽忽悠悠	4.14
忽	4.14
呼呼	4.14
后因	4.14
后起之秀	4.14
洪水	4.14
宏宇	4.14
宏观	4.14
轰	4.14
恒联	4.14
很烂	4.14
很差	4.14
赫赫的	4.14
赫伯特	4.14
何原因	4.14
何时休	4.14
何去何从	4.14
何来	4.14
合宝	4.14
喝醉	4.14
号买	4.14
好长时间	4.14
好日子	4.14
豪庭	4.14
行业动态	4.14
行径	4.14
行版	4.14
海拉三	4.14
还整	4.14
还关	4.14
过早	4.14
过在	4.14
过山车	4.14
过保	4.14
国利	4.14
国界	4.14
国家环保局	4.14
国产轿车	4.14
滚出	4.14
规模化	4.14
龟裂	4.14
归还	4.14
广宝	4.14
管理中心	4.14
管好	4.14
管管	4.14
关灯	4.14
关单	4.14
顾	4.14
故障诊断	4.14
鼓声	4.14
购买力	4.14
供油	4.14
拱起	4.14
公主坟	4.14
公用	4.14
公路交通	4.14
工薪族	4.14
更丑	4.14
跟造	4.14
给装	4.14
给付	4.14
各有不同	4.14
各位朋友	4.14
个把月	4.14
咯吱咯吱	4.14
咯噔	4.14
疙疙瘩瘩	4.14
告	4.14
高负荷	4.14
钢圈	4.14
刚跑	4.14
感要	4.14
感觉不好	4.14
盖章	4.14
改一改	4.14
改气	4.14
改来改去	4.14
该换	4.14
复杂程度	4.14
附驾	4.14
负债表	4.14
辅助线	4.14
服务业	4.14
佛山市	4.14
缝制	4.14
缝儿	4.14
风口浪尖	4.14
风档	4.14
风波	4.14
费力	4.14
废油	4.14
废铁	4.14
废	4.14
肺癌	4.14
匪夷所思	4.14
肥大	4.14
飞悦	4.14
飞轮	4.14
放正	4.14
放气	4.14
放炮	4.14
放不开	4.14
仿到	4.14
防治法	4.14
方圆	4.14
返厂	4.14
反应时间	4.14
反胃	4.14
反光镜	4.14
翻船	4.14
翻版	4.14
法兰盘	4.14
发皱	4.14
发微	4.14
发闷	4.14
发黄	4.14
发抖	4.14
二档	4.14
儿戏	4.14
摁	4.14
恶俗	4.14
恶列	4.14
恶化	4.14
额	4.14
对立面	4.14
断线	4.14
短轴	4.14
短短	4.14
独缺	4.14
毒车	4.14
逗逼	4.14
动一动	4.14
动粗	4.14
东仁庆	4.14
东家	4.14
定理	4.14
订到	4.14
顶一顶	4.14
顶头	4.14
顶多能	4.14
跌落	4.14
跌	4.14
掉下来	4.14
掉色	4.14
掉皮	4.14
钓个	4.14
吊炸天	4.14
吊丝	4.14
刁难	4.14
店大欺客	4.14
电子锁	4.14
电气	4.14
点火装置	4.14
点不着	4.14
地震	4.14
地动	4.14
底沿	4.14
抵不过	4.14
低压	4.14
低开	4.14
灯长	4.14
灯管	4.14
德孚	4.14
得并	4.14
得比	4.14
道听途说	4.14
到极点	4.14
倒车档	4.14
倒闭	4.14
导	4.14
荡起	4.14
档偶	4.14
档齿	4.14
挡降	4.14
挡窜	4.14
噹	4.14
当自强	4.14
当局	4.14
当豪	4.14
但愿	4.14
但说	4.14
戴雷	4.14
戴尔	4.14
大中华区	4.14
大致相同	4.14
大侠	4.14
大腕	4.14
大失所望	4.14
大气污染	4.14
大家伙	4.14
大行其道	4.14
大鼓	4.14
大肠	4.14
大不敬	4.14
搭调	4.14
错事	4.14
挫车	4.14
挫	4.14
寸进	4.14
村卡点	4.14
从外	4.14
赐给	4.14
刺耳	4.14
春茂	4.14
吹冷风	4.14
吹风	4.14
吹到	4.14
窗器	4.14
穿孔	4.14
处有	4.14
处现	4.14
处漏	4.14
出油	4.14
出息	4.14
出钱	4.14
出轨	4.14
臭味	4.14
臭气熏天	4.14
臭气	4.14
抽动	4.14
崇牙	4.14
冲天	4.14
赤裸裸	4.14
耻反	4.14
迟暮	4.14
吃不开	4.14
城镇	4.14
成熟度	4.14
成片	4.14
沉重打击	4.14
扯蛋	4.14
车一族	4.14
车玩	4.14
车天	4.14
车叔	4.14
车难	4.14
车凉	4.14
车盖	4.14
车费	4.14
车城	4.14
车爆漆	4.14
车把	4.14
超出预算	4.14
超标	4.14
畅顺	4.14
敞	4.14
浐	4.14
拆开来	4.14
拆除	4.14
差些	4.14
差太	4.14
差不差	4.14
刹时	4.14
查明	4.14
侧重点	4.14
踩重	4.14
踩轻	4.14
彩页	4.14
才子	4.14
擦拭	4.14
步子	4.14
不转	4.14
不中用	4.14
不知所措	4.14
不正	4.14
不怎么样	4.14
不异	4.14
不严	4.14
不稳定性	4.14
不太脏	4.14
不收	4.14
不是太好	4.14
不烧	4.14
不入流	4.14
不容乐观	4.14
不忍心	4.14
不耐烦	4.14
不利	4.14
不力	4.14
不可估量	4.14
不堪	4.14
不经意	4.14
不讲理	4.14
不好受	4.14
不分伯仲	4.14
不动	4.14
不成	4.14
不标	4.14
补助款	4.14
博达	4.14
波及	4.14
病	4.14
冰	4.14
表妹	4.14
标准状态	4.14
标线	4.14
变轻	4.14
变挡	4.14
变大	4.14
避税	4.14
弊端	4.14
必换	4.14
必败	4.14
比换	4.14
比大	4.14
鼻炎	4.14
鼻	4.14
蹦蹦	4.14
崩溃	4.14
本间	4.14
备案	4.14
北五环	4.14
悲惨	4.14
卑劣	4.14
爆胎	4.14
暴跌	4.14
暴表	4.14
宝和	4.14
宝店	4.14
宝诚	4.14
宝贝女儿	4.14
薄弱	4.14
薄漆软	4.14
榜上有名	4.14
帮帮我	4.14
伴有	4.14
半信半疑	4.14
半死不活	4.14
版智	4.14
板式	4.14
拜托	4.14
败	4.14
摆正	4.14
白头	4.14
白天黑夜	4.14
掰掰	4.14
灞	4.14
扒开	4.14
巴掌	4.14
凹下去	4.14
暗淡	4.14
按响	4.14
碍事	4.14
爱惜	4.14
爱妻	4.14
爱恨交加	4.14
爱不释手	4.14
阿	4.14
dang	4.14
右	4.13
每次	4.13
越野车	4.11
可	4.1
满足	4.1
完美	4.1
速度快	4.1
究其原因	4.1
净利润	4.1
电吸门	4.1
打消	4.1
不平	4.1
办事	4.1
方便	4.09
情况	4.08
保养	4.08
威胁	4.08
提问	4.08
更新换代	4.08
发电机	4.08
产	4.08
挂	4.07
漂亮	4.07
宽敞	4.07
装配	4.04
体验	4.03
加装	4.03
相当	4.02
类似	4.01
相关	4.01
业内	4.01
掩盖	4.01
相对来说	4.01
唯独	4.01
听见	4.01
淘汰	4.01
塑料件	4.01
十大	4.01
生硬	4.01
生日	4.01
闪	4.01
色差	4.01
抛锚	4.01
难怪	4.01
磨损	4.01
描述	4.01
漏	4.01
隆起	4.01
看不出来	4.01
开玩笑	4.01
滑行	4.01
二者	4.01
电镀	4.01
待遇	4.01
鄙视	4.01
爬坡	4
逐步	3.95
成为	3.95
更是	3.94
吧	3.93
省油	3.91
略显	3.91
既然	3.91
再	3.9
根本	3.9
挡	3.89
不想	3.89
桃木	3.88
胎	3.88
算了	3.88
如同	3.88
韩系	3.88
实用性	3.86
保持	3.85
生产商	3.84
降	3.84
敞篷车	3.84
擦	3.84
坐	3.82
纷纷	3.81
简直	3.78
细节	3.75
需求	3.74
配备	3.74
美观	3.74
么	3.71
灯光	3.71
版	3.7
家庭	3.7
稳定性	3.69
一样	3.68
控制	3.68
玻璃	3.68
颜值	3.68
才	3.67
期间	3.67
多少钱	3.67
触摸屏	3.67
曝	3.66
诚信	3.66
质感	3.64
破	3.63
工艺	3.63
想	3.59
市场份额	3.59
弄	3.59
节省	3.59
个子	3.59
大街	3.59
别的	3.54
助力	3.54
神	3.53
后悔	3.52
相比	3.51
锐	3.51
发动	3.51
日常	3.5
出去	3.49
且	3.48
争议	3.48
回去	3.48
独立	3.48
快	3.45
怎么	3.44
购买	3.42
进去	3.42
受到	3.42
强劲	3.42
死	3.4
看	3.39
搭载	3.39
整车	3.39
面临	3.39
这个	3.38
豪华	3.37
泊车	3.37
完全	3.36
提供	3.36
两侧	3.34
大灯	3.33
换挡	3.33
担心	3.33
成熟	3.32
追尾	3.31
质疑	3.31
增压器	3.31
无语	3.31
往前	3.31
台上	3.31
上去	3.31
念头	3.31
可视	3.31
崛起	3.31
尽量	3.31
金额	3.31
节气门	3.31
减速带	3.31
互相	3.31
费劲	3.31
低档	3.31
齿	3.31
脚	3.3
样子	3.29
很好	3.29
偶尔	3.28
稳定	3.26
累计	3.26
屁股	3.25
乞丐	3.25
上路	3.25
干脆	3.24
不得不	3.23
材质	3.23
达到	3.21
看起来	3.2
舒适度	3.2
下	3.19
其	3.19
大概	3.16
此外	3.16
还好	3.15
安全气囊	3.15
关闭	3.13
级别	3.12
之一	3.12
直接	3.11
油	3.11
以为	3.11
去	3.1
服务	3.1
产品	3.1
增加	3.1
最好	3.1
有着	3.08
最大	3.08
简单	3.08
智能	3.08
吸引	3.08
采用	3.08
马上	3.07
改装	3.06
可靠	3.06
展开	3.06
果断	3.05
肯定	3.04
高度	3.02
车里	3.02
上半年	3.02
小	3.01
其次	3.01
稳	3.01
蛮	3.01
指出	3.01
臃肿	3.01
要不然	3.01
疼	3.01
权益	3.01
男生	3.01
过个	3.01
槽	3
支撑	3
买	2.98
始终	2.98
难道	2.98
脸	2.97
真	2.96
可是	2.96
使	2.96
考虑	2.95
路上	2.94
虽然	2.93
国内	2.93
电话	2.93
够	2.93
避免	2.93
坐直	2.93
总会	2.93
资产	2.93
追随	2.93
追溯到	2.93
装上	2.93
州	2.93
重启	2.93
众化	2.93
中枪	2.93
中丐	2.93
纸糊	2.93
直立	2.93
只管	2.93
支付	2.93
支出	2.93
证书	2.93
斟酌	2.93
着急	2.93
着火	2.93
这样一来	2.93
这两台	2.93
照搬	2.93
招呼	2.93
战绩	2.93
债务	2.93
在我心中	2.93
在结构上	2.93
原配	2.93
愈加	2.93
预言家	2.93
雨雾	2.93
右前方	2.93
右后	2.93
有如	2.93
有趣	2.93
友	2.93
游丝	2.93
用材	2.93
阴影	2.93
移步	2.93
一心一意	2.93
耀动	2.93
养成	2.93
羊角	2.93
羊	2.93
严实	2.93
亚马逊	2.93
压缩	2.93
学车	2.93
需不需要	2.93
虚高	2.93
醒悟	2.93
星巴克	2.93
新购	2.93
心有余悸	2.93
心理准备	2.93
泄露	2.93
小三角	2.93
小路	2.93
小吃	2.93
相差近	2.93
险	2.93
嫌弃	2.93
惜	2.93
误以为	2.93
无损	2.93
无解	2.93
无法忍受	2.93
污染	2.93
问到	2.93
位数	2.93
伟业	2.93
维修中心	2.93
维修站	2.93
维修费	2.93
脱胶	2.93
托儿	2.93
托底	2.93
颓势	2.93
推送	2.93
偷懒	2.93
通行	2.93
听歌	2.93
铁路	2.93
添加剂	2.93
天文数字	2.93
倘若	2.93
太多	2.93
台里	2.93
所不	2.93
伺候	2.93
死机	2.93
试一下	2.93
式微	2.93
屎	2.93
时利	2.93
深思熟虑	2.93
身世	2.93
涉嫌	2.93
射程	2.93
舍弃	2.93
舍不得	2.93
上月	2.93
商城	2.93
晒晒	2.93
傻子	2.93
三元催化	2.93
锐减	2.93
软质	2.93
软肋	2.93
缺失	2.93
求解	2.93
庆	2.93
强生	2.93
前头	2.93
前边	2.93
起诉	2.93
起跑线	2.93
旗号	2.93
破裂	2.93
破烂不堪	2.93
破烂	2.93
疲软	2.93
跑跑	2.93
咆哮	2.93
弄成	2.93
内饰件	2.93
内幕	2.93
南阳	2.93
呐	2.93
命运	2.93
灭火器	2.93
面目全非	2.93
密封条	2.93
米处	2.93
妹纸	2.93
美国司法部	2.93
没力	2.93
没劲	2.93
漫长	2.93
卖出去	2.93
麦克风	2.93
妈呀	2.93
露天	2.93
路噪	2.93
领导人	2.93
零配件	2.93
邻居	2.93
亮灯	2.93
两者之间	2.93
两样	2.93
了高	2.93
牢	2.93
苦涩	2.93
口子	2.93
口哨声	2.93
空调车	2.93
颗粒	2.93
考虑一下	2.93
聚丰	2.93
剧烈	2.93
九大	2.93
井喷	2.93
经常出现	2.93
金融危机	2.93
解决问题	2.93
降挡	2.93
加重	2.93
加塞	2.93
加满	2.93
技术人员	2.93
基础设施	2.93
积水	2.93
换件	2.93
换到	2.93
画质	2.93
呼吁	2.93
后驱	2.93
后程	2.93
后车	2.93
后才	2.93
轰鸣声	2.93
很轻	2.93
很低	2.93
黑烟	2.93
何以	2.93
何时	2.93
行不行	2.93
含有	2.93
海里	2.93
国际贸易	2.93
闺蜜	2.93
管用	2.93
怪	2.93
挂掉	2.93
够买	2.93
供货	2.93
工会	2.93
跟进	2.93
高音喇叭	2.93
刚一	2.93
福建	2.93
服务公司	2.93
否决	2.93
封闭	2.93
风起云涌	2.93
反应速度	2.93
罚	2.93
发烫	2.93
发来	2.93
发回	2.93
兑现	2.93
断断续续	2.93
动弹	2.93
跌势	2.93
跌出	2.93
吊打	2.93
道歉	2.93
倒数	2.93
淡淡的	2.93
单单	2.93
大跌	2.93
匆忙	2.93
传来	2.93
踹	2.93
出到	2.93
抽到	2.93
尺码	2.93
迟缓	2.93
吃不消	2.93
骋	2.93
撑死	2.93
晨	2.93
车种	2.93
车质	2.93
车检	2.93
厂家直销	2.93
差一点	2.93
查找	2.93
岑木	2.93
侧方	2.93
步进	2.93
不知不觉	2.93
不配	2.93
不理	2.93
不靠	2.93
不当	2.93
补过	2.93
并购	2.93
变硬	2.93
悲凉	2.93
爆炸	2.93
保姆	2.93
办成	2.93
钣	2.93
百度搜	2.93
白白	2.93
及	2.92
其它	2.91
反应	2.91
包裹	2.91
总	2.86
感受	2.86
家里	2.84
所	2.84
漆面	2.84
驾驶座	2.84
看到	2.82
扶手	2.82
颠簸	2.82
音	2.81
文案	2.81
所有人	2.81
猛	2.81
冷却液	2.81
拉皮	2.81
紧张	2.81
差速器	2.81
不让	2.81
别扭	2.81
边缘	2.81
板块	2.81
正式	2.79
排气管	2.78
拨	2.78
最为	2.78
简洁	2.77
硬	2.76
没得说	2.76
恐怕	2.75
驾过	2.75
缝隙	2.75
摆在	2.75
这车	2.72
专营店	2.71
尾灯	2.7
使得	2.7
越	2.68
到位	2.68
丑	2.68
年轻人	2.67
武汉	2.65
前排	2.65
补贴	2.65
平时	2.64
来	2.63
雾灯	2.63
好感	2.63
乘客	2.62
动感	2.62
看上去	2.6
每	2.59
个人	2.59
令	2.59
制动	2.58
容积	2.58
不但	2.58
用于	2.55
眼	2.55
节能	2.54
的确	2.54
线路	2.54
好歹	2.54
关门	2.54
不远	2.54
前大灯	2.53
方向	2.52
适合	2.52
氛围	2.52
尾部	2.51
腿部	2.51
大气	2.51
花	2.5
状态	2.5
款车	2.49
公司	2.48
有效	2.48
打算	2.46
路面	2.46
好看	2.46
不是	2.45
个人感觉	2.45
退市	2.45
田	2.45
甩	2.45
美国市场	2.45
乐观	2.45
干式	2.45
费用	2.45
对此	2.45
边	2.45
做好	2.44
原本	2.44
旧	2.44
领先	2.43
距离	2.43
所以	2.42
他	2.42
开到	2.42
反映	2.42
驾乘	2.42
以后	2.41
请	2.41
新	2.4
当然	2.4
中控台	2.39
抬	2.39
商用	2.39
前部	2.39
皮卡车	2.39
大脚	2.39
粗犷	2.39
停产	2.38
金属	2.37
作弊	2.37
左转	2.37
最起码	2.37
自费	2.37
自动波	2.37
指示灯	2.37
执掌	2.37
真人秀	2.37
占到	2.37
再往	2.37
越来越少	2.37
原谅	2.37
一刹那	2.37
要数	2.37
亚太	2.37
押金	2.37
雪花	2.37
续保	2.37
新版	2.37
想加	2.37
线圈	2.37
限速	2.37
喜力	2.37
维尼	2.37
微软	2.37
威佳	2.37
通电	2.37
听音	2.37
铁皮	2.37
题外话	2.37
腾达	2.37
泰国	2.37
耍流氓	2.37
市内	2.37
升窗	2.37
上周	2.37
闪灯	2.37
日趋激烈	2.37
日渐	2.37
热线	2.37
清一色	2.37
前一天	2.37
起色	2.37
评估师	2.37
频发	2.37
偏弱	2.37
您好	2.37
奈何	2.37
穆勒	2.37
模糊	2.37
门锁	2.37
露出	2.37
梁非	2.37
老婆大人	2.37
亏	2.37
看完	2.37
坎	2.37
堪忧	2.37
军团	2.37
巨额	2.37
九代	2.37
杰	2.37
较快	2.37
缓慢	2.37
鸿	2.37
挂到	2.37
股权	2.37
给换	2.37
丐	2.37
冯	2.37
发给	2.37
兜风	2.37
掉落	2.37
店员	2.37
电眼	2.37
电瓶车	2.37
倒车灯	2.37
导购	2.37
大能	2.37
赐教	2.37
储物箱	2.37
城里	2.37
拆下来	2.37
仓	2.37
不上	2.37
不必要	2.37
并不需要	2.37
本车	2.37
保险丝	2.37
霸王	2.37
案件	2.37
安卓大屏	2.37
识别	2.36
宝马车	2.36
以来	2.35
镀铬	2.34
依然	2.33
评	2.33
彻底	2.32
流畅	2.31
这点	2.3
很漂亮	2.3
同样	2.29
另外	2.29
传感器	2.29
进行	2.28
详细	2.28
结束	2.28
犀利	2.28
尾门	2.27
路况	2.27
硬朗	2.27
不会	2.26
推背	2.26
健康	2.26
减	2.26
感强	2.26
聪明	2.26
出去玩	2.26
更好	2.25
身材	2.25
出行	2.25
隔音	2.23
使用	2.22
踩油门	2.22
突破	2.2
厂商	2.19
皮实	2.19
外观设计	2.19
操控性	2.19
锁	2.18
星期	2.17
小弟	2.17
维护	2.17
某些	2.17
安静	2.17
气质	2.17
爱	2.16
横向	2.16
审美	2.16
里	2.15
算是	2.15
平台	2.15
喜爱	2.15
帖子	2.14
奥迪车	2.14
则	2.13
显	2.13
提高	2.12
强大	2.12
沉稳	2.12
不过	2.11
里面	2.1
装饰	2.1
够用	2.1
合资	2.09
车头	2.09
电动	2.08
真皮	2.07
圆润	2.07
平顺	2.07
规整	2.07
容易	2.06
微信	2.06
生产	2.05
反正	2.05
推出	2.05
经历	2.05
走不动	2.05
中空	2.05
中断	2.05
致命	2.05
制动器	2.05
着重	2.05
折射出	2.05
罩盖	2.05
长脸	2.05
战斗机	2.05
越来越快	2.05
与日俱增	2.05
有外媒	2.05
油泥	2.05
引来	2.05
一律	2.05
扬	2.05
新内饰	2.05
相互	2.05
陷入	2.05
下部	2.05
拖拉	2.05
推移	2.05
推销	2.05
涂层	2.05
胎噪大	2.05
死板	2.05
市场策略	2.05
时侧	2.05
升档	2.05
舍	2.05
尚版	2.05
上劲	2.05
三位数	2.05
弱点	2.05
肉人	2.05
肉车	2.05
饶	2.05
敲打	2.05
娘	2.05
内核	2.05
南方	2.05
那俩	2.05
那大	2.05
名声在外	2.05
名列	2.05
每项	2.05
没能	2.05
没交	2.05
率仅	2.05
令人满意	2.05
丽	2.05
勒	2.05
老爷子	2.05
老眼光	2.05
老将	2.05
蜡	2.05
款款	2.05
考驾照	2.05
看官	2.05
开多	2.05
决定性	2.05
进气门	2.05
紧	2.05
姐妹	2.05
渐	2.05
价格低	2.05
机缘巧合	2.05
回购	2.05
哗哗	2.05
后段	2.05
很软	2.05
过关	2.05
规规矩矩	2.05
共鸣	2.05
跟上	2.05
改不掉	2.05
丰满	2.05
放不下	2.05
反响	2.05
凡是	2.05
乏力	2.05
二氧化碳	2.05
多谢	2.05
短板	2.05
订制	2.05
低迷	2.05
刀切	2.05
淡雅	2.05
带到	2.05
呆	2.05
大油	2.05
纯属	2.05
愁	2.05
崇尚	2.05
尺度	2.05
彻底解决	2.05
车皮	2.05
不选	2.05
不掉	2.05
比同	2.05
比的	2.05
棒极了	2.05
按说	2.05
哎哟	2.05
哎呀	2.05
总计	2.04
注册	2.04
主人	2.04
中途	2.04
指望	2.04
证	2.04
正确	2.04
拯救	2.04
圆	2.04
预留	2.04
鱼	2.04
协商	2.04
限制	2.04
先天	2.04
无感	2.04
蜗牛	2.04
温柔	2.04
未能	2.04
所在地	2.04
松	2.04
手上	2.04
慎重	2.04
神坛	2.04
杀入	2.04
赛车手	2.04
前两天	2.04
千篇一律	2.04
诺	2.04
卖车	2.04
买不到	2.04
绿地	2.04
龙	2.04
林肯车	2.04
泪	2.04
老妈	2.04
框架	2.04
教练	2.04
浇	2.04
急刹车	2.04
机动车	2.04
晃	2.04
话说回来	2.04
很慢	2.04
合约	2.04
关联	2.04
感冒	2.04
阜阳	2.04
风险	2.04
非要	2.04
反对	2.04
电器	2.04
导航仪	2.04
打着	2.04
车漆	2.04
车底	2.04
不起	2.04
不快	2.04
不好意思	2.04
标榜	2.04
保守	2.04
证明	2.03
压力	2.02
打开	2.02
座位	2.02
后视镜	2.01
无论是	2.01
不仅	2.01
现在	2
像	2
丰富	2
乘坐	2
顶	1.99
进	1.99
大神	1.99
目前	1.99
处	1.99
系车	1.98
缘故	1.98
位置	1.98
实在太	1.98
并且	1.97
满载	1.97
综合	1.97
老款	1.97
贴心	1.97
关系	1.96
天	1.95
自带	1.95
指点	1.95
真空	1.95
噪声	1.95
油漆	1.95
亚军	1.95
太贵	1.95
此车	1.95
不住	1.95
出色	1.95
算	1.94
不用	1.94
实力	1.94
马	1.94
钱	1.93
自信	1.92
转弯	1.92
燃油	1.91
超车	1.9
这方面	1.9
获悉	1.9
赞	1.9
做	1.89
店	1.89
精准	1.89
东西	1.88
乐趣	1.88
带有	1.88
级车	1.88
哈哈	1.87
营造	1.87
得益于	1.87
速度	1.85
掉	1.85
车尾	1.85
重要	1.85
饰	1.85
地板	1.85
碰撞	1.83
可靠性	1.83
做为	1.83
游戏	1.83
拥有	1.83
意向	1.83
逸	1.83
义乌	1.83
幸运	1.83
香港	1.83
温州	1.83
为准	1.83
拖拉机	1.83
三围	1.83
瑞	1.83
认	1.83
前天	1.83
皮带	1.83
连为一体	1.83
狂	1.83
尽可能	1.83
鸡肋	1.83
机制	1.83
换掉	1.83
官网	1.83
公爵	1.83
杠	1.83
发票	1.83
底特律	1.83
车管所	1.83
不禁	1.83
本周	1.83
塑料	1.82
外	1.82
视频	1.81
良好	1.81
悬架	1.8
视角	1.8
认为	1.79
指标	1.79
易	1.79
身体	1.79
缺乏	1.79
局促	1.79
对方	1.79
间隙	1.78
状况	1.78
均匀	1.78
极其	1.78
比较满意	1.78
以前	1.77
踏板	1.77
无疑	1.77
缺少	1.77
取消	1.77
后者	1.77
反而	1.77
吹	1.77
办法	1.77
怎么样	1.77
突出	1.77
宽大	1.77
已	1.76
任何	1.76
看着	1.76
消息	1.76
免费	1.76
轻松	1.76
月份	1.75
虚位	1.75
手套	1.75
普遍	1.75
盒	1.75
刚性	1.75
出风口	1.74
操作	1.74
试驾	1.73
只有	1.73
水平	1.73
活动	1.73
手续	1.73
最近	1.72
估计	1.72
增压	1.72
重庆	1.72
中央	1.72
进气	1.72
棉	1.72
出彩	1.72
开车	1.71
双	1.71
全球	1.7
族	1.7
致电	1.7
正时	1.7
遭遇	1.7
粤	1.7
扬州	1.7
盐城	1.7
讯	1.7
心想	1.7
求问	1.7
你好	1.7
南昌	1.7
目前为止	1.7
免	1.7
没少	1.7
进程	1.7
集体	1.7
大道	1.7
从来不	1.7
博士	1.7
飙车	1.7
什么	1.69
前面	1.69
轮毂	1.69
理念	1.69
今年	1.68
值得一提的是	1.68
二手车	1.66
档次	1.66
成功	1.66
夜晚	1.66
修车	1.66
曝光	1.66
模块	1.66
骂	1.66
两边	1.66
英国	1.66
开宝	1.66
当时	1.65
了解	1.64
未来	1.64
广州	1.64
数据	1.63
已有	1.63
液压	1.63
卤素	1.63
街	1.63
购入	1.63
凸起	1.63
翘	1.63
精致	1.63
缝线	1.63
底部	1.63
法系	1.62
总体	1.62
优秀	1.62
坐下	1.62
总体而言	1.62
摇	1.62
小东西	1.62
下班	1.62
万能	1.62
岁月	1.62
四指	1.62
说不出	1.62
试试	1.62
市里	1.62
看不见	1.62
脚感	1.62
几率	1.62
还给	1.62
惯	1.62
胳膊	1.62
服务质量	1.62
飞速	1.62
独享	1.62
地道	1.62
担忧	1.62
大点	1.62
舱盖	1.62
不便	1.62
带	1.61
影像	1.61
习惯	1.61
人员	1.61
标准	1.61
尊贵型	1.61
指教	1.61
这场	1.61
长春	1.61
遇见	1.61
限量版	1.61
同堂	1.61
进店	1.61
即日起	1.61
合成	1.61
底价	1.61
齿轮	1.61
车祸	1.61
变形	1.61
柏林	1.61
安排	1.61
爱好者	1.61
全面	1.6
驱	1.6
本	1.6
到	1.59
格栅	1.59
但	1.58
尊贵	1.58
也好	1.58
伪装	1.58
头部	1.58
上午	1.58
环境	1.58
合作	1.58
附近	1.58
东莞	1.58
子板	1.57
平庸	1.57
警示	1.57
驾驶室	1.57
钣金	1.57
侧面	1.57
论坛	1.56
这里	1.56
优惠	1.56
倒	1.56
为何	1.56
随便	1.56
后门	1.56
赚	1.56
正品	1.56
战	1.56
一举	1.56
压	1.56
新浪	1.56
氙气灯	1.56
人民币	1.56
全家人	1.56
敲定	1.56
评论	1.56
偏好	1.56
迷住	1.56
列	1.56
利用率	1.56
礼包	1.56
纪念版	1.56
比例	1.56
均	1.55
小巧	1.55
充裕	1.55
去年	1.54
行车	1.54
延续	1.54
条	1.54
左边	1.54
撞	1.54
右侧	1.54
十月	1.54
什么样	1.54
求教	1.54
配套	1.54
看点	1.54
沧州	1.54
部门	1.54
最后	1.53
最新	1.53
相信	1.53
整容	1.53
疑似	1.53
塑造	1.53
受伤	1.53
商标	1.53
荣膺	1.53
恰到好处	1.53
哪些	1.53
摩擦	1.53
拉低	1.53
救援	1.53
后部	1.53
诟病	1.53
高速公路	1.53
夺	1.53
出售	1.53
车龄	1.53
敞篷	1.53
不难看出	1.53
全	1.52
值得	1.52
像是	1.51
副	1.51
不同	1.51
视觉	1.51
式	1.51
个性	1.51
伤	1.5
借	1.5
降低	1.5
达成	1.5
保修	1.5
有关	1.49
缺点	1.49
全系	1.49
认可	1.49
独特	1.49
这么	1.48
升级	1.48
超过	1.47
之所以	1.47
有力	1.47
年初	1.47
令人	1.47
负责	1.47
空间设计	1.47
好车	1.47
便利性	1.47
尺寸	1.46
伙伴	1.46
独有	1.46
创新	1.46
各种	1.45
售价	1.45
本土	1.45
输出	1.44
标配	1.44
率	1.44
前后排	1.44
车顶	1.44
属于	1.43
用车	1.43
内部空间	1.43
并	1.42
汽油	1.42
想想	1.42
早就	1.42
下车	1.42
开心	1.42
地图	1.42
忠实	1.41
稳当	1.41
挺大	1.41
日益	1.41
工作	1.4
求	1.4
年前	1.4
扎实	1.4
用户	1.4
帅气	1.4
杠杠	1.4
仪表	1.39
宝宝	1.39
咱	1.39
提示	1.39
功率	1.39
小心	1.38
注重	1.38
化	1.38
测试	1.37
驾	1.37
音量	1.37
吸引力	1.37
秒	1.37
管	1.37
改善	1.37
总结	1.36
您	1.36
用心	1.35
随动	1.35
是因为	1.35
关键	1.34
作用	1.34
这款	1.34
设置	1.34
看来	1.34
热	1.34
谍照	1.34
如此	1.33
近	1.33
最高	1.33
厚道	1.33
最佳	1.33
回家	1.32
所有	1.32
视野	1.32
如	1.31
三厢	1.31
各	1.31
环保	1.31
新款	1.3
旗下	1.3
理由	1.3
巡航	1.3
虽	1.3
高大	1.3
换成	1.29
日间	1.29
无	1.28
实现	1.28
备受	1.28
以上	1.27
价位	1.27
调校	1.27
特色	1.27
灵敏	1.27
充沛	1.27
啊	1.26
集团	1.26
自然	1.26
经销商	1.26
这部	1.26
哇	1.26
过于	1.26
大车	1.26
超	1.26
不怎么	1.26
弯道	1.26
驾驶员	1.26
开始	1.25
比如	1.25
真是	1.25
越来越	1.25
占据	1.25
钢材	1.25
从容	1.25
后座	1.24
选车	1.23
说明	1.23
产生	1.23
同一	1.22
众	1.22
轻	1.22
神车	1.22
行李	1.22
代步	1.21
去年同期	1.21
自身	1.21
朋友	1.2
还有	1.2
城市	1.2
走低	1.2
自吸	1.2
铸造	1.2
重复	1.2
中部	1.2
掌控	1.2
长相	1.2
乍	1.2
雨刮器	1.2
用处	1.2
一切正常	1.2
夜间	1.2
信	1.2
欣慰	1.2
箱子	1.2
乡下	1.2
熄灭	1.2
尾巴	1.2
突显	1.2
讨	1.2
水中	1.2
市值	1.2
市长	1.2
润滑	1.2
庆幸	1.2
清洁	1.2
平坦	1.2
偏重	1.2
排在	1.2
爬	1.2
内嵌式	1.2
内能	1.2
耐用性	1.2
乃	1.2
那啥	1.2
密封	1.2
萌生	1.2
没见	1.2
盲区	1.2
蛮大	1.2
买单	1.2
落伍	1.2
萝卜	1.2
溜	1.2
老虎	1.2
懒得	1.2
狂热	1.2
静止	1.2
浸泡	1.2
接连	1.2
架子	1.2
假	1.2
既有	1.2
机盖	1.2
后方	1.2
横条	1.2
毫不逊色	1.2
关帝爷	1.2
关	1.2
固特异	1.2
个别	1.2
隔音材料	1.2
对不起	1.2
底	1.2
低音炮	1.2
低点	1.2
达喀尔	1.2
吹牛	1.2
传到	1.2
藏	1.2
惨不忍睹	1.2
不无关系	1.2
不愧	1.2
不佳	1.2
不该	1.2
辨识	1.2
比较严重	1.2
保留意见	1.2
白菜	1.2
强烈	1.19
拿	1.18
看法	1.18
低端	1.18
手感	1.18
看上	1.18
进步	1.18
或者	1.17
后面	1.17
顺畅	1.17
风	1.16
遥控	1.16
调整	1.16
就算	1.16
经济	1.16
无论	1.16
内部	1.16
新车	1.15
电子	1.15
颜色	1.15
加长	1.15
哪	1.14
再次	1.14
下来	1.14
程度	1.14
之前	1.13
不论是	1.13
长时间	1.13
扭矩	1.13
看重	1.13
较为	1.12
进入	1.11
一定	1.11
至少	1.11
超跑	1.11
越野	1.11
如果说	1.11
公分	1.11
高速行驶	1.11
城市道路	1.11
车长	1.11
车灯	1.11
印象	1.11
打造	1.11
国产	1.1
表示	1.1
加入	1.1
再有	1.1
途中	1.1
添	1.1
胜出	1.1
坡道	1.1
地面	1.1
还要	1.09
先生	1.09
拉	1.09
发展	1.09
强项	1.09
开过	1.09
解锁	1.09
富有	1.09
传统	1.08
榜	1.08
涡轮	1.07
选	1.07
同	1.07
换车	1.07
放心	1.07
很棒	1.07
不可	1.07
已经	1.06
其中	1.06
变得	1.06
偏向	1.06
儿童	1.06
车主	1.05
后来	1.05
氙气	1.05
保证	1.05
可能	1.04
远	1.04
面前	1.04
有没有	1.04
享受	1.04
轿	1.04
看看	1.03
北美	1.03
整个	1.03
奇怪	1.03
过	1.03
研发	1.03
车速	1.03
自己	1.02
配	1.02
是否	1.02
升	1.02
信心	1.02
加热	1.02
达	1.02
家用车	1.02
诚意	1.02
不要	1.01
张扬	1.01
引擎盖	1.01
顺手	1.01
加大	1.01
排行榜	1
短	1
世纪	1
现款	1
上看	1
继续	1
加	0.99
似乎	0.99
不管	0.99
提到	0.99
仅	0.99
背	0.99
应该	0.98
微微	0.98
贴合	0.98
亮度	0.98
顶部	0.98
大面积	0.98
不用说	0.98
走	0.97
这些	0.97
应对	0.97
英寸	0.97
尾箱	0.97
极大	0.97
普通	0.96
检测	0.96
提醒	0.96
变	0.96
上海	0.95
决定	0.95
首先	0.94
笑	0.94
物品	0.94
陆续	0.94
监测	0.94
出门	0.94
常年	0.94
中控	0.93
必须	0.93
家人	0.93
自动	0.92
离合	0.92
依旧	0.92
多功能	0.92
不小	0.92
折腾	0.92
影响力	0.92
进来	0.92
减半	0.92
具备	0.92
超越	0.92
年轻化	0.91
即使	0.91
当初	0.91
试	0.9
拥堵	0.9
明确	0.9
挤	0.9
放在	0.9
著称	0.9
支撑杆	0.9
再就是	0.9
心意	0.9
响应速度	0.9
无所谓	0.9
无不	0.9
完车	0.9
挺舒服	0.9
舒雅	0.9
人心	0.9
轻奢	0.9
亲身	0.9
前端	0.9
皮革	0.9
碰上	0.9
绿灯	0.9
落下	0.9
浪	0.9
困境	0.9
今年以来	0.9
街车	0.9
较强	0.9
交通状况	0.9
好开	0.9
行走	0.9
股东	0.9
功课	0.9
各有所爱	0.9
高标准	0.9
诶	0.9
顿时	0.9
独创	0.9
单边	0.9
大半年	0.9
窜	0.9
憋屈	0.9
笨重	0.9
起	0.89
悬挂	0.89
几乎	0.89
当	0.89
坐车	0.89
指向性	0.89
载物	0.89
一路上	0.89
瑕疵	0.89
市场占有率	0.89
实实在在	0.89
认定	0.89
经济实用	0.89
个个	0.89
布局	0.89
不太好	0.89
暴雨	0.89
女生	0.88
买来	0.88
这辆	0.88
送	0.88
看中	0.88
处于	0.88
材料	0.88
作业	0.87
期待	0.87
焊接	0.87
产能	0.87
媒体	0.87
马力	0.87
静音	0.87
德	0.87
近日	0.86
保险杠	0.86
预计	0.86
怕	0.85
而言	0.85
眼睛	0.85
上下班	0.85
驱车	0.85
给予	0.85
凸显	0.85
上档次	0.85
轻盈	0.85
美系	0.85
电动机	0.85
便宜	0.84
官方	0.84
自动档	0.84
意见	0.84
退出	0.84
调	0.84
承诺	0.84
时代	0.84
离	0.84
既	0.84
销售	0.83
里程	0.83
重视	0.83
廉价	0.83
新能源	0.83
高端	0.83
该车	0.83
大家	0.82
需要	0.82
买车	0.82
问	0.82
对比	0.82
支持	0.82
计划	0.82
分别	0.82
因素	0.82
行	0.81
排量	0.81
协调	0.81
哥们	0.81
冲击	0.81
版本	0.81
专业人士	0.81
致	0.81
真要	0.81
噪音控制	0.81
原地	0.81
雨刷器	0.81
有点像	0.81
油价	0.81
虚拟	0.81
形容	0.81
小小的	0.81
乡村	0.81
下手	0.81
下定决心	0.81
拖	0.81
同轴	0.81
体育场	0.81
讨厌	0.81
说来	0.81
说法	0.81
试问	0.81
软硬	0.81
人声	0.81
轻便	0.81
强制	0.81
披露	0.81
批评	0.81
年度	0.81
没买	0.81
老年	0.81
老大	0.81
困扰	0.81
空	0.81
节约	0.81
接轨	0.81
叫座	0.81
叫好	0.81
加州	0.81
缓冲	0.81
后窗	0.81
痕迹	0.81
观点	0.81
工地	0.81
更改	0.81
革命	0.81
高层	0.81
赶上	0.81
服役	0.81
分明	0.81
发现自己	0.81
从未	0.81
除外	0.81
充斥	0.81
持	0.81
沉淀	0.81
车窗	0.81
唉	0.81
那么	0.8
购车	0.8
定制	0.8
做到	0.8
增速	0.8
一度	0.8
适应	0.8
上下	0.8
倾斜	0.8
轻快	0.8
精细	0.8
经营	0.8
吃力	0.8
长	0.79
显然	0.79
匹配	0.79
竞争力	0.78
语言	0.78
靠	0.78
指	0.78
正在	0.78
基因	0.78
心	0.77
战略	0.77
哎	0.77
型号	0.77
我家	0.77
融入	0.77
每个	0.77
包括	0.76
也许	0.76
工具	0.76
主流	0.76
中心	0.76
钢板	0.76
概念车	0.76
车中	0.76
他们	0.75
光	0.75
分析	0.75
滴	0.75
总的来说	0.75
准备	0.75
正是	0.75
毫无	0.74
贷款	0.74
保值	0.74
组合	0.74
造车	0.74
人家	0.73
道路	0.73
态度	0.73
无奈	0.73
那时	0.73
差别	0.73
制造	0.73
现车	0.73
皮质	0.73
靠背	0.73
看越	0.73
较低	0.73
及时	0.73
工厂	0.73
范	0.73
点缀	0.73
爆发	0.73
定位	0.72
缸	0.72
山路	0.72
哪个	0.72
和谐	0.72
高科技	0.72
地区	0.72
低调	0.72
实际	0.71
打	0.71
虽说	0.71
门板	0.71
逼	0.71
即将	0.71
充电	0.71
广告	0.71
车友会	0.71
之后	0.7
听	0.7
坐在	0.7
这位	0.7
原	0.7
年底	0.7
裸	0.7
幅度	0.7
而已	0.7
总之	0.7
厚实	0.7
不算	0.7
保有量	0.7
连	0.69
这项	0.69
窄	0.69
石家庄	0.69
来自	0.69
进口	0.68
美	0.68
唯一	0.68
回	0.68
音乐	0.68
设定	0.68
旗舰	0.68
澎湃	0.68
基本	0.67
型	0.67
时速	0.67
升降	0.67
深	0.67
约	0.67
生	0.67
谱	0.67
坐进	0.67
迎来	0.67
倾	0.67
旅途	0.67
局面	0.67
防护	0.67
短途	0.67
低矮	0.67
德国人	0.67
差距	0.66
地位	0.66
身边	0.66
郑州	0.66
项目	0.66
率先	0.66
公布	0.66
订购	0.66
然而	0.65
啦	0.65
称	0.65
提速	0.65
记得	0.65
环比	0.65
吃	0.65
媳妇	0.65
她	0.64
便	0.64
改进	0.64
专业	0.64
现场	0.64
一体	0.64
一大	0.64
手机	0.64
快速	0.64
看过	0.64
潮流	0.64
路	0.63
事情	0.63
老气	0.63
区域	0.63
交	0.63
大量	0.63
畅销	0.63
最终	0.62
惊喜	0.62
选装	0.62
要说	0.62
样式	0.62
拍	0.62
方式	0.62
侧	0.62
结构	0.62
持续	0.62
爱车	0.62
中庸	0.61
上面	0.61
前后	0.61
旅	0.61
当天	0.61
先	0.6
或	0.6
牌子	0.6
帮助	0.6
终于	0.6
真正	0.6
坚持	0.6
性格	0.6
颇	0.6
屏幕	0.6
配色	0.6
雷达	0.59
变速器	0.59
走量	0.59
真实	0.59
展车	0.59
原有	0.59
雨天	0.59
逾	0.59
应付	0.59
销	0.59
夏利车	0.59
勿	0.59
外地	0.59
停留	0.59
谈到	0.59
耍	0.59
视	0.59
试图	0.59
实	0.59
上坡	0.59
撒	0.59
日本	0.59
全都	0.59
强于	0.59
强行	0.59
欠缺	0.59
平常	0.59
扭	0.59
年限	0.59
乃至	0.59
哪家	0.59
没开	0.59
喽	0.59
流水	0.59
拉花	0.59
困难	0.59
口号	0.59
看吧	0.59
脚步	0.59
继承	0.59
后视	0.59
告别	0.59
高逼格	0.59
风扇	0.59
断	0.59
电源	0.59
的么	0.59
打出	0.59
不温不火	0.59
并不大	0.59
本质	0.59
V6发动机	0.59
音响	0.58
那样	0.58
中意	0.58
这块	0.58
体会	0.58
实车	0.58
行李箱	0.58
哈	0.58
小型	0.57
相对	0.57
为啥	0.57
网络	0.57
低音	0.57
综合性	0.57
轴	0.57
有次	0.57
雾	0.57
所用	0.57
顺眼	0.57
手头	0.57
沈阳	0.57
舍得	0.57
锐利	0.57
软件	0.57
热卖	0.57
取向	0.57
那款	0.57
秒杀	0.57
联合	0.57
矿泉水	0.57
核心技术	0.57
海外	0.57
格外	0.57
对称	0.57
背感	0.57
老婆	0.56
对手	0.56
懂	0.56
基本上	0.56
直喷	0.56
心里	0.56
相	0.56
细分	0.56
关注	0.55
入手	0.55
驾车	0.55
纯	0.55
正	0.55
总冠军	0.55
总得来说	0.55
占优势	0.55
早点	0.55
语音	0.55
炫耀	0.55
心态	0.55
细微	0.55
握	0.55
外界	0.55
特别是在	0.55
算不上	0.55
饰板	0.55
色	0.55
起初	0.55
飘	0.55
偏软	0.55
摸	0.55
明智	0.55
名列前茅	0.55
门窗	0.55
劣势	0.55
可观	0.55
花钱	0.55
航空	0.55
断轴	0.55
电子产品	0.55
底气	0.55
储备	0.55
部位	0.55
主要	0.54
欧洲	0.54
之下	0.54
广大	0.54
飞	0.54
动车	0.54
大约	0.54
穿	0.54
摆脱	0.54
切换	0.54
较高	0.54
混	0.54
很快	0.54
行李厢	0.54
它们	0.53
客户	0.53
车载	0.53
空气	0.53
豪车	0.52
尾翼	0.52
理想	0.52
急	0.52
极	0.52
积极	0.52
大件	0.52
平行	0.52
脚垫	0.52
改灯	0.52
博	0.52
其他	0.51
国人	0.51
定	0.51
至今	0.51
款	0.51
宽度	0.51
减少	0.51
其实	0.5
一切	0.5
随后	0.5
应用	0.5
移动	0.5
胎压	0.5
奢华	0.5
区别	0.5
木	0.5
重新	0.49
引起	0.49
排气	0.49
盖	0.49
定金	0.49
挡风玻璃	0.49
牛	0.49
曾	0.49
小车	0.48
仪表盘	0.48
排名	0.48
用来	0.48
夏天	0.48
同价位	0.48
行李架	0.48
德系	0.48
部件	0.48
保护	0.48
竞争对手	0.47
呀	0.47
国产车	0.47
意大利	0.47
位于	0.47
收	0.47
图片	0.47
手动挡	0.47
明星	0.47
此	0.47
找	0.46
阻挡	0.46
注意力	0.46
主驾	0.46
中段	0.46
在家	0.46
选购	0.46
心脏	0.46
心疼	0.46
细	0.46
套娃	0.46
抬头	0.46
舒适感	0.46
稍差	0.46
上升	0.46
色调	0.46
三代	0.46
任性	0.46
忍	0.46
前前后后	0.46
年后	0.46
冒	0.46
满大街	0.46
马达	0.46
流	0.46
脸上	0.46
来到	0.46
拉力赛	0.46
交通事故	0.46
换上	0.46
华丽	0.46
花费	0.46
厚重	0.46
嘿嘿	0.46
合同	0.46
供应	0.46
工人	0.46
费	0.46
当日	0.46
出过	0.46
车用	0.46
车能	0.46
别说	0.46
标签	0.46
奔驰车	0.46
电脑	0.45
身上	0.45
总成	0.45
吸气	0.45
难	0.45
连杆	0.45
可见	0.45
范围	0.45
本次	0.45
谁	0.44
事	0.44
想象	0.44
子	0.44
主打	0.44
着实	0.44
向前	0.44
为主	0.44
视线	0.44
前行	0.44
利器	0.44
哭	0.44
接下来	0.44
江苏	0.44
很稳	0.44
发动机舱	0.44
参加	0.44
表明	0.44
推荐	0.43
开启	0.43
只要	0.43
瞬间	0.43
生产线	0.43
开发	0.43
原装	0.43
享	0.43
名字	0.43
当中	0.43
跑车	0.42
查	0.42
赞助	0.42
要是	0.42
略	0.42
到底	0.42
必要	0.42
统一	0.42
差异	0.42
装	0.41
过去	0.41
停	0.41
推	0.41
共	0.41
显示	0.4
系	0.4
紧凑型	0.4
以下	0.4
之间	0.4
加价	0.4
之家	0.4
外面	0.4
韩	0.4
顾问	0.4
案例	0.4
我国	0.4
添加	0.4
全款	0.4
车市	0.4
曾经	0.39
中型车	0.39
之上	0.39
整备	0.39
照样	0.39
消失	0.39
西藏	0.39
味	0.39
外国	0.39
说好	0.39
闪烁	0.39
楼下	0.39
蜡烛	0.39
拉力	0.39
开惯	0.39
划分	0.39
福特车	0.39
仿	0.39
代言	0.39
窗户	0.39
爆	0.39
一般	0.38
叫	0.38
预算	0.38
重点	0.38
想要	0.38
哪里	0.38
行业	0.38
转向灯	0.38
精品	0.38
介入	0.38
即便	0.38
诞生	0.38
同事	0.37
不断	0.37
较大	0.37
装备	0.37
带上	0.37
注意	0.37
新品	0.37
相差	0.37
现金	0.37
如下	0.37
人民	0.37
切割	0.37
气门	0.37
楼	0.37
火花塞	0.37
顾客	0.37
段时间	0.37
待	0.37
纯粹	0.37
透镜	0.36
车标	0.36
不大	0.36
租	0.36
抓住	0.36
中型	0.36
质	0.36
源自	0.36
源	0.36
预警	0.36
确定	0.36
前门	0.36
明明	0.36
另	0.36
两位数	0.36
观念	0.36
缸体	0.36
而是	0.36
懂得	0.36
呢	0.35
时间	0.35
们	0.35
开关	0.35
长度	0.35
投资	0.35
可惜	0.35
购置税	0.35
这份	0.35
运行	0.35
有种	0.35
一脚	0.35
要买车	0.35
享版	0.35
喜	0.35
往	0.35
网通	0.35
通常	0.35
挑	0.35
讨论	0.35
态势	0.35
时机	0.35
上述	0.35
杀	0.35
任	0.35
然	0.35
亲戚	0.35
旁	0.35
偶然	0.35
拿出	0.35
梁	0.35
老人	0.35
块钱	0.35
精	0.35
今年年初	0.35
黄色	0.35
后背	0.35
国道	0.35
个油	0.35
放假	0.35
丹拿	0.35
打破	0.35
从来没	0.35
此处	0.35
常	0.35
不妨	0.35
表达	0.35
帮忙	0.35
半月	0.35
百	0.35
放	0.34
主	0.34
所谓	0.34
货车	0.34
韩国	0.34
比起	0.34
租车	0.34
长途	0.34
月底	0.34
显示屏	0.34
摄像头	0.34
子公司	0.34
专车	0.34
小编	0.34
忘	0.34
完整	0.34
提出	0.34
汽油机	0.34
留	0.34
兰州	0.34
控制系统	0.34
喊	0.34
观察	0.34
工程	0.34
份额	0.34
而来	0.34
灯	0.33
少	0.33
黑	0.33
不了	0.33
白色	0.33
最低	0.33
引擎	0.33
粉丝	0.33
心目	0.33
特别版	0.33
记者	0.33
从来	0.33
此前	0.33
只	0.32
自主	0.32
写	0.32
启停	0.32
皮卡	0.32
行人	0.32
电机	0.32
不敢	0.32
正好	0.32
合适	0.32
概念	0.32
奥运会	0.32
经典	0.31
宣传	0.31
讲	0.31
公众	0.31
高档	0.31
最多	0.31
嘴	0.31
走过	0.31
专家	0.31
长期	0.31
天天	0.31
仍	0.31
没法	0.31
居家	0.31
节奏	0.31
工业	0.31
敢	0.31
大排量	0.31
窗玻璃	0.31
彩色	0.31
不止	0.31
改款	0.3
逐渐	0.3
高达	0.3
湿式	0.3
远程	0.3
文章	0.3
属	0.3
清洗	0.3
行程	0.3
感谢	0.3
堵车	0.3
出租车	0.3
车轮	0.3
车道	0.3
中规中矩	0.29
王	0.29
定速巡航	0.29
参数	0.29
保险	0.29
知道	0.28
该	0.28
手	0.28
旅行车	0.28
久	0.28
订	0.28
有人	0.27
一键	0.27
想到	0.27
稍微	0.27
区间	0.27
本月	0.27
爸	0.27
发	0.27
稍	0.26
领域	0.26
分	0.26
哦	0.26
之	0.26
套件	0.26
身份	0.26
上牌	0.26
零部件	0.26
然后	0.25
自	0.25
今天	0.25
舒适版	0.25
下面	0.25
旅行	0.25
气	0.25
面板	0.25
坐姿	0.25
终端	0.25
要么	0.25
深圳	0.25
力度	0.25
个性化	0.25
全车	0.24
国际	0.24
所在	0.24
节油	0.24
网上	0.23
网	0.23
竞争	0.23
当年	0.23
是不是	0.22
豪华版	0.22
入门	0.22
两厢车	0.22
解释	0.22
常规	0.22
只不过	0.22
早	0.22
西安	0.22
维持	0.22
晚上	0.22
团队	0.22
同意	0.22
同学	0.22
起步价	0.22
弥补	0.22
每年	0.22
貌似	0.22
接触	0.22
或者说	0.22
跟着	0.22
单独	0.22
打电话	0.22
不见	0.22
变成	0.22
提	0.21
转速	0.21
前方	0.21
那里	0.21
看见	0.21
卡	0.21
避震	0.21
组织	0.21
御	0.21
迎宾	0.21
兄弟	0.21
维修保养	0.21
外壳	0.21
统计	0.21
同为	0.21
上网	0.21
陕西	0.21
美丽	0.21
迈	0.21
买辆	0.21
累	0.21
壳	0.21
红	0.21
毫无疑问	0.21
光环	0.21
关注度	0.21
堵	0.21
丢	0.21
本地	0.21
榜单	0.21
由于	0.2
此次	0.2
纠结	0.2
周末	0.2
之外	0.2
应	0.2
音响系统	0.2
一向	0.2
设计师	0.2
认证	0.2
巨大	0.2
电	0.2
代	0.2
大小	0.2
这次	0.19
代表	0.19
或许	0.19
之类	0.19
线	0.19
离合器	0.19
中间	0.18
赛车	0.18
具体	0.18
照片	0.18
小伙伴	0.18
市	0.18
弱	0.18
年内	0.18
流行	0.18
浪漫	0.18
竞品	0.18
经	0.18
金	0.18
背后	0.18
包	0.18
一致	0.17
液晶	0.17
新手	0.17
投入	0.17
面对	0.17
领导	0.17
才能	0.17
白	0.17
消费	0.17
四驱	0.17
记忆	0.17
啥	0.16
星	0.16
头	0.16
两者	0.16
标	0.16
运动版	0.15
小时	0.15
告诉	0.15
直到	0.15
没想到	0.15
不再	0.15
群体	0.15
牌照	0.15
进口车	0.15
回馈	0.15
改	0.14
蓝	0.14
非	0.14
制作	0.14
正面	0.14
早在	0.14
现有	0.14
喜好	0.14
太平洋	0.14
时光	0.14
热情	0.14
品牌形象	0.14
偏离	0.14
来回	0.14
夸张	0.14
记录	0.14
高配	0.14
放大	0.14
发动机盖	0.14
单一	0.14
不及	0.14
企业	0.13
味道	0.13
降价	0.13
好好	0.13
本身	0.13
昨天	0.13
驻车	0.13
终究	0.13
在意	0.13
拥挤	0.13
也就是说	0.13
心理	0.13
相近	0.13
舞台	0.13
玩具	0.13
速手	0.13
市场竞争	0.13
商务车	0.13
前驱	0.13
女	0.13
年代	0.13
莫	0.13
名	0.13
另一方面	0.13
酷	0.13
回来	0.13
厚	0.13
供应商	0.13
告知	0.13
高点	0.13
订车	0.13
典型	0.13
称为	0.13
摆	0.13
那些	0.12
结果	0.12
营销	0.12
总是	0.12
自驾游	0.12
征战	0.12
暂时	0.12
相当于	0.12
土豪	0.12
轻轻	0.12
两辆车	0.12
开出	0.12
还行	0.12
固定	0.12
方法	0.12
二代	0.12
低于	0.12
除此之外	0.12
换代	0.11
安装	0.11
专门	0.11
扭力	0.11
不仅仅	0.11
德国	0.1
车上	0.1
咨询	0.1
豪华车	0.1
重	0.1
三缸	0.1
男	0.1
发表	0.1
即	0.09
话	0.09
孩子	0.09
编	0.09
运动型	0.09
与其	0.09
应急	0.09
遗憾	0.09
一边	0.09
业绩	0.09
下一代	0.09
收到	0.09
三厢车	0.09
前不久	0.09
拿到	0.09
没事	0.09
买菜	0.09
经济型	0.09
交流	0.09
间	0.09
机	0.09
回到	0.09
灯厂	0.09
得知	0.09
车重	0.09
车价	0.09
不久前	0.09
本文	0.09
字	0.08
面包车	0.08
刚好	0.08
车系	0.08
制造商	0.08
掌握	0.08
一侧	0.08
相中	0.08
君	0.08
渐渐	0.08
灰	0.08
高功率	0.08
完	0.07
谈	0.07
如今	0.07
超级	0.07
最初	0.07
专用	0.07
主力	0.07
想法	0.07
贴	0.07
手里	0.07
上个月	0.07
日子	0.07
苹果	0.07
零件	0.07
两厢版	0.07
连接	0.07
交付	0.07
行灯	0.07
公路	0.07
部	0.07
手刹	0.06
每天	0.06
两厢	0.06
成本	0.06
总部	0.06
资源	0.06
资金	0.06
撞击	0.06
英雄	0.06
兴趣	0.06
信号	0.06
掀起	0.06
下去	0.06
停放	0.06
顺便	0.06
伤害	0.06
抛开	0.06
胖子	0.06
萌	0.06
轮子	0.06
流程	0.06
例	0.06
浪费	0.06
开开	0.06
横置	0.06
行动	0.06
功放	0.06
干	0.06
感应	0.06
多媒体系统	0.06
电影	0.06
单位	0.06
措施	0.06
刹	0.06
采访	0.06
伴随	0.06
台车	0.05
风尚	0.05
愿意	0.05
皮	0.05
模仿	0.05
路段	0.05
集中	0.05
并未	0.05
网友	0.04
近期	0.04
按钮	0.04
指导	0.04
阵容	0.04
咱们	0.04
小排量	0.04
旗舰版	0.04
屏	0.04
专注	0.03
犹豫	0.03
先是	0.03
同等	0.03
剩下	0.03
上次	0.03
略有	0.03
落后	0.03
经验	0.03
回老家	0.03
儿	0.03
车体	0.03
安全带	0.03
