全新	187.47
空间	135.5
设计	94.18
很	84.76
非常	79.54
采用	74.25
外观	72.84
更	67.79
动感	60.48
时尚	59.06
大气	54.59
不错	52.72
表现	49.6
拥有	48.77
车型	43.78
提升	43.77
线条	42.26
配置	41.06
造型	38.81
销量	38.75
它	36.66
更加	35.98
舒适	35.92
操控	34.6
风格	33.86
不	33.66
不仅	33.12
乘坐	32.12
动力	32.01
智能	31.86
丰富	31.85
品质	31.34
年轻	31.08
喜欢	30.85
十足	30.83
搭配	30.45
外形	29.92
脸	29.65
实用	29.54
颜值	29.16
选择	28.99
带来	28.68
内饰	28.21
增长	28.1
安全	27.31
驾乘	27.26
让	27.15
~	26.94
提供	26.76
辅助	26.63
问题	26.37
运动	26.24
感	25.8
感觉	25.71
稳重	25.41
配备	25.38
储物	25.25
配合	24.69
性能	24.56
上	24.5
车身	24.09
实力	24.07
彰显	23.93
充分	23.01
出色	22.97
能力	22.55
霸气	22.16
外观设计	21.89
成为	21.85
亮点	21.41
方面	21.32
轴距	21.31
理念	20.93
家族	20.91
最	20.76
座椅	20.72
优势	20.67
更为	20.4
方便	20.38
系统	20.34
经济性	20.27
点评	20.24
简约	20.23
绝对	20.18
作为	20.14
强大	19.96
比较	19.85
灵活	19.77
好看	19.77
赞	19.45
具有	19.39
上市	19.31
好	19.14
科技	19.07
以及	19.05
有效	18.86
获得	18.56
性价比	18.5
加上	18.29
中国	18.28
宽敞	18.12
同比	18.1
式	18.09
后排	18.05
大	18.03
太	17.91
都	17.87
市场	17.63
质感	17.57
安全性	17.52
SUV	17.48
新一代	17.45
掀	17.41
达到	17.35
得到	17.31
操控性	17.12
还是	17.03
轻松	16.96
性	16.94
格栅	16.76
冠军	16.72
将	16.71
沉稳	16.59
省心	16.56
值得	16.55
车展	16.46
黑色	16.41
保障	16.28
最大	16.16
体验	16.13
细节	16.1
优点	15.83
强劲	15.74
可以	15.72
吸引	15.71
无论是	15.52
立体	15.42
保持	15.36
而	15.22
高效	15.16
独立	14.95
挺不错	14.77
尾灯	14.51
很好	14.39
轿	14.33
优雅	14.29
视觉效果	14.29
能	14.26
喜爱	14.09
运动感	14.06
足够	14.03
实现	13.91
家庭	13.9
高	13.85
全景	13.84
打造	13.81
够	13.79
漂亮	13.72
良好	13.71
贴心	13.61
车	13.56
气质	13.46
流畅	13.46
强度	13.42
体现	13.4
生活	13.37
这	13.36
而且	13.23
温度	13.18
青睐	13.18
精致	13.15
油耗	13.13
超高	12.99
背式	12.99
之一	12.92
先进	12.91
可	12.89
领先	12.85
推出	12.79
硬朗	12.7
取得	12.7
扭矩	12.69
侧面	12.61
确保	12.56
满意	12.56
完美	12.48
同时	12.33
进一步	12.29
展现	12.26
精准	12.16
身高	12.09
腰线	12.01
老款	12
前脸	11.91
用户	11.9
车顶	11.88
质量	11.83
大幅	11.73
成绩	11.67
很漂亮	11.66
氛围	11.66
年轻人	11.65
低油耗	11.43
商务	11.2
耐看	11.2
最好	11.18
充足	11.16
做工	11.13
满足	11.11
家族式	11.09
智行	11.08
镀铬	11.02
整体	11.01
魅力	10.97
审美	10.93
发动机	10.9
挺	10.89
更是	10.88
卓越	10.85
家用	10.76
搭载	10.76
乘员	10.7
这辆	10.68
过滤	10.68
工艺	10.58
指向	10.56
优异	10.56
融合	10.56
口碑	10.48
真皮	10.47
所	10.43
混动	10.36
赢得	10.32
轮廓	10.32
激情	10.32
中级车	10.29
使得	10.28
驾驭	10.28
稳定	10.25
感受	10.2
依然	10.19
简洁	10.18
外表	10.15
不失	10.15
角度	10.12
省油	10.1
追求	10.06
营造	10.05
品牌	10.02
觉得	9.98
空调	9.97
灵动	9.9
更具	9.9
充满	9.9
同级	9.79
确实	9.77
消费者	9.73
级车	9.72
智慧	9.7
疲劳	9.7
担当	9.7
需求	9.63
宽	9.61
可谓	9.61
清晰	9.6
人	9.59
就	9.58
平台	9.57
表扬	9.52
变化	9.51
综合	9.5
首选	9.49
气息	9.49
驾驶者	9.49
出现	9.48
越级	9.44
棱角分明	9.44
好评	9.44
大方	9.44
前大灯	9.33
舒服	9.28
重要	9.26
座舱	9.25
力量感	9.25
多媒体	9.25
是因为	9.22
细腻	9.19
满分	9.19
饱满	9.19
动态	9.14
月销量	9.1
调节	9.09
更多	9.06
得益于	9.03
功能	9.02
驾驶员	9.01
距离	8.99
特点	8.94
真的	8.93
开	8.93
技术	8.93
人性化	8.9
车头	8.9
刚刚	8.86
陪伴	8.85
耐用	8.85
楼主	8.85
创新	8.75
乘客	8.73
舒适性	8.72
增幅	8.71
优化	8.71
前卫	8.71
贯穿	8.71
铝合金	8.69
4S店	8.62
世界	8.6
照明	8.57
展现出	8.57
惬意	8.57
传递	8.57
4s店	8.56
宽大	8.55
加长	8.46
个性	8.44
位置	8.42
材质	8.42
实用性	8.4
赞助商	8.37
便捷	8.37
有	8.36
平直	8.36
头部	8.33
环境	8.33
改变	8.33
元素	8.32
高强度	8.31
周到	8.27
骄傲	8.27
泊车	8.27
后备	8.24
中	8.18
高性能	8.15
能够	8.14
值得一提的是	8.12
增加	8.12
现款	8.08
面积	8.07
符合	8.05
眼球	8.01
帅	8.01
视觉	8.01
出众	8.01
及	7.98
目前	7.97
方向盘	7.95
眼前一亮	7.91
严谨	7.91
稳定性	7.91
奥运	7.91
suv	7.9
就是	7.87
犀利	7.86
后备箱	7.85
尤其	7.84
神车	7.84
连续	7.79
高品质	7.79
超大	7.79
标杆	7.79
银色	7.77
累计	7.75
简单	7.73
一体式	7.71
没的说	7.71
评价	7.68
传统	7.68
最新	7.66
稳健	7.62
没话说	7.62
空气质量	7.62
肌肉	7.62
储物格	7.62
热销	7.57
路况	7.57
有点	7.54
省	7.54
王者	7.53
轻量化	7.53
发布	7.53
传承	7.53
总结	7.52
环保	7.52
时	7.5
血统	7.47
响应	7.47
回头率	7.47
便利	7.47
强	7.46
特别	7.43
明显	7.43
豪华	7.41
深受	7.35
韧性	7.35
气场	7.35
静谧	7.35
横拉式	7.35
勾勒	7.35
第一印象	7.35
水准	7.34
突破	7.32
红色	7.31
前排	7.3
首款	7.27
人们	7.23
效果	7.22
精神	7.19
激光	7.19
没有	7.18
无需	7.17
深刻	7.17
恒温	7.17
厢	7.12
幻速	7.12
很高	7.12
平顺	7.08
模式	7.03
享受	7.01
我们	7
向上	6.92
极具	6.9
行驶	6.87
原因	6.86
活力	6.86
变道	6.85
者	6.79
还	6.77
抢眼	6.76
均衡	6.76
整车	6.74
起步	6.73
兼顾	6.72
最为	6.71
？	6.71
上半年	6.7
驾驶	6.69
图	6.68
变速箱	6.68
中国女排	6.67
有助于	6.67
压抑感	6.67
精度	6.67
腿部	6.65
突出	6.65
使	6.65
！	6.65
转向	6.61
栅	6.6
形	6.59
燃油	6.59
拉风	6.59
尽显	6.59
分配	6.59
版	6.53
车内	6.52
看起来	6.46
度	6.46
足以	6.45
效率	6.45
面子	6.45
此外	6.45
有型	6.44
稳居	6.44
特征	6.44
极佳	6.44
很足	6.44
乘车	6.44
扎实	6.43
肯定	6.4
秉承	6.4
装饰	6.39
再	6.38
外	6.37
说	6.36
宽裕	6.35
紧凑	6.35
亦	6.34
以往	6.34
内部	6.27
功率	6.26
国家	6.25
相当	6.2
惊艳	6.19
按键	6.19
合作伙伴	6.18
底盘	6.18
认可	6.16
独特	6.16
进气	6.14
互联	6.14
亮相	6.13
结合	6.11
乘用车	6.08
显得	6.04
熟悉	6.02
天气	6.01
踏实	6.01
受欢迎	6.01
风阻	6.01
不俗	6.01
加速	6
相信	5.97
完全	5.95
差	5.95
极致	5.94
住	5.93
远近	5.93
全家	5.93
尽	5.93
合理	5.93
但是	5.93
刹车	5.91
不少	5.88
比例	5.82
操作	5.79
柱	5.73
制动	5.73
布局	5.73
抓地	5.71
新高	5.71
细致	5.71
润滑油	5.71
排球队	5.71
淋漓尽致	5.71
可圈可点	5.71
精湛	5.71
精车	5.71
格调	5.71
高保真	5.71
放置	5.71
二郎腿	5.71
大大的	5.71
创下	5.71
处处	5.71
出差	5.71
宝座	5.71
进行	5.7
继续	5.67
产品	5.64
当然	5.62
印象	5.6
无论	5.59
算是	5.59
历经	5.58
从而	5.58
形象	5.55
保留	5.55
增添	5.54
信赖	5.54
头灯	5.54
驾驶席	5.54
自如	5.53
一见钟情	5.53
细心	5.53
无可挑剔	5.53
平底	5.53
满意度	5.53
绿色	5.53
坚实	5.53
呼应	5.53
很爽	5.53
当之无愧	5.53
充分考虑	5.53
峰值	5.51
出行	5.51
折叠	5.48
激烈	5.48
爱	5.48
用料	5.46
横向	5.46
下	5.45
充沛	5.44
娱乐	5.43
历史	5.42
避免	5.4
自由	5.37
水平	5.37
很大	5.36
需	5.32
保证	5.3
延伸	5.28
内涵	5.28
作	5.27
帅气	5.27
实惠	5.27
内部空间	5.27
集成	5.27
一直	5.24
特色	5.24
看到	5.22
最佳	5.21
那	5.2
姿态	5.17
有着	5.17
熏黑	5.17
线性	5.17
爽	5.17
凌厉	5.17
堪称	5.17
家用车	5.17
个头	5.17
表面	5.17
智能化	5.16
放倒	5.16
起来	5.1
小结	5.03
标准	5.03
其	5
自身	4.99
高端	4.98
无法	4.97
核心	4.97
各个	4.97
经历	4.95
热	4.93
主动	4.92
弯道	4.92
引领	4.91
留下	4.91
出	4.91
最爱	4.85
心情	4.85
脱胎换骨	4.85
鲨鱼	4.85
平稳	4.85
亮丽	4.85
集成式	4.85
飞翼	4.85
称号	4.85
油门	4.84
实时	4.84
支撑	4.83
日常	4.83
即可	4.78
完成	4.77
规整	4.77
最型	4.76
织物	4.76
增长点	4.76
硬汉	4.76
一应俱全	4.76
一如既往	4.76
业界	4.76
无与伦比	4.76
位居	4.76
脱颖而出	4.76
碰撞	4.76
领跑	4.76
刚毅	4.76
月均	4.75
小觑	4.75
深深	4.75
相比	4.73
国内	4.73
所有	4.71
跨界	4.71
饰	4.69
实在	4.69
档	4.68
不用	4.65
助威	4.63
张力	4.63
炫目	4.63
小巧	4.63
外部	4.63
睡	4.63
前后轮	4.63
瀑式	4.63
内敛	4.63
米色	4.63
宽阔	4.63
极为	4.63
激增	4.63
激进	4.63
魂动	4.63
对得起	4.63
充裕	4.63
层次感	4.63
不同	4.63
被动	4.63
主角	4.62
据说	4.62
创造	4.62
尾部	4.61
增强	4.57
炫酷	4.57
年度	4.57
目标	4.57
缸内	4.57
成熟	4.57
播放	4.57
您	4.56
德	4.56
不好	4.55
适合	4.54
中央	4.53
这样	4.53
男人	4.52
家人	4.47
英寸	4.46
全系	4.46
总体	4.45
优秀	4.45
迅速	4.45
模块化	4.45
来	4.45
传奇	4.45
控制	4.44
天窗	4.43
人生	4.41
征服	4.4
一方面	4.4
提前	4.4
攀升	4.4
卖点	4.4
格局	4.4
大胆	4.4
毕业	4.4
时代	4.38
指导价	4.37
饮料	4.36
一共	4.36
炫	4.36
女子	4.36
摩登	4.36
亮眼	4.36
精髓	4.36
减轻	4.36
后	4.36
隔热	4.36
大人	4.36
布置	4.36
榜首	4.36
与此同时	4.35
电动	4.35
监测	4.34
增压	4.33
并且	4.33
重量	4.31
降低	4.31
顿挫	4.31
混合	4.28
研发	4.27
大型	4.27
城市	4.27
基础	4.26
活动	4.26
杠杠	4.2
当初	4.19
在于	4.18
坐	4.16
人群	4.15
广泛	4.15
悬架	4.14
时候	4.13
车子	4.13
判断	4.12
广	4.12
打动	4.12
异响	4.09
灵敏	4.07
了解	4.05
哈哈	4.04
车速	4.03
独有	4.02
虽然	4.01
受	4.01
没	4.01
周全	4
型面	4
世界杯	4
色彩	4
荣获	4
前列	4
媲美	4
马路上	4
流线型	4
立体感	4
佼佼者	4
毫不犹豫	4
感知	4
队	4
触摸	4
杯架	4
New	4
较	3.99
茶哥	3.99
安心	3.99
四门	3.98
配有	3.98
照顾	3.97
相应	3.97
显著	3.97
饰条	3.97
靓丽	3.97
看出	3.97
降噪	3.97
给出	3.97
错	3.97
够用	3.95
始终	3.94
内	3.94
组	3.9
条	3.9
双擎	3.9
出门	3.9
变	3.9
专属	3.89
相同	3.89
轮毂	3.89
可变	3.89
报告	3.89
运用	3.85
通风	3.85
前	3.85
又	3.84
跑	3.84
级别	3.84
长轴距	3.83
编辑	3.83
备受	3.83
阻止	3.81
整体感	3.81
涨幅	3.81
载人	3.81
与生俱来	3.81
抑制	3.81
新潮	3.81
小明	3.81
物件	3.81
透光	3.81
通风口	3.81
田径队	3.81
送风	3.81
甩尾	3.81
手推车	3.81
深色	3.81
柔道队	3.81
燃烧	3.81
拳	3.81
全平	3.81
翘楚	3.81
气帘	3.81
凉爽	3.81
立体声	3.81
精良	3.81
紧绷	3.81
解放	3.81
号召力	3.81
罕见	3.81
光线	3.81
高大威猛	3.81
翻天覆地	3.81
多型	3.81
点货	3.81
得心应手	3.81
冲击力	3.81
冲刺	3.81
蝉联	3.81
不在话下	3.81
必将	3.81
合资	3.8
则	3.79
用车	3.77
正向	3.74
整体性	3.74
照射	3.74
优越性	3.74
眼看	3.74
颜色	3.74
狭小	3.74
毋庸置疑	3.74
温区	3.74
尾	3.74
双区	3.74
书写	3.74
收纳	3.74
上手	3.74
曲线	3.74
平整	3.74
佩服	3.74
明快	3.74
领先水平	3.74
靠近	3.74
堪比	3.74
精确	3.74
兼备	3.74
几何	3.74
过硬	3.74
高亮	3.74
充分体现	3.74
表哥	3.74
比较突出	3.74
同样	3.73
上班	3.73
看上去	3.73
顶级	3.72
低速	3.72
越野	3.71
这点	3.7
轮胎	3.7
试验	3.69
最高	3.68
舒适度	3.68
个人	3.68
演绎	3.67
修长	3.67
羡慕	3.67
温馨	3.67
神奇	3.67
拿下	3.67
扩展	3.67
冲压	3.67
车厢	3.67
超越	3.66
地方	3.65
这款	3.64
噪音	3.63
动力系统	3.63
真心	3.62
伙伴	3.61
调校	3.59
令	3.57
纵横	3.56
准确	3.56
遮阳	3.56
圆润	3.56
有目共睹	3.56
扫	3.56
三区	3.56
赛场	3.56
起码	3.56
美学	3.56
方正	3.56
大白	3.56
材料	3.56
不仅如此	3.56
扁平	3.56
正式	3.55
排放	3.55
价值	3.55
认识	3.54
掀背	3.53
顺畅	3.51
门	3.51
富有	3.51
高速	3.5
正常	3.48
调整	3.48
偏	3.48
大灯	3.48
家族化	3.47
后视镜	3.46
另外	3.45
更好	3.45
中网	3.43
用心	3.43
一流	3.43
新能源	3.43
他	3.43
数据	3.43
扶手箱	3.43
发挥	3.43
档位	3.43
这车	3.4
心中	3.4
高级	3.4
具	3.39
制造	3.38
使用	3.37
具备	3.37
成功	3.37
一段时间	3.35
出来	3.33
长宽	3.31
展示	3.31
乐趣	3.31
前后排	3.3
哪个	3.29
父母	3.28
诚意	3.28
也好	3.27
形成	3.27
双	3.27
搭	3.27
手感	3.26
进步	3.26
准备	3.25
存在	3.25
车尾	3.25
组合	3.24
售价	3.24
足	3.23
棕	3.23
砖叔	3.23
注入	3.23
涨	3.23
预期	3.23
与众不同	3.23
信仰	3.23
新颖	3.23
体重	3.23
水晶	3.23
全球	3.23
派	3.23
口味	3.23
看中	3.23
看越	3.23
匠心	3.23
回归	3.23
果然	3.23
当下	3.23
创行	3.23
处于	3.23
便是	3.23
爆款	3.23
老	3.22
工厂	3.2
车灯	3.2
标配	3.2
毕竟	3.2
中控台	3.19
延续	3.19
视野	3.19
增	3.18
调教	3.18
档次	3.18
处	3.18
吧	3.18
棕色	3.17
自行车队	3.17
追捧	3.17
在我看来	3.17
游玩	3.17
颜	3.17
选用	3.17
些许	3.17
小型车	3.17
忘记	3.17
外出	3.17
挑剔	3.17
树立	3.17
属性	3.17
熟知	3.17
十佳	3.17
声浪	3.17
人体	3.17
迷人	3.17
盲点	3.17
帘	3.17
开口	3.17
晶	3.17
肩部	3.17
家用轿车	3.17
加速度	3.17
高位	3.17
粉尘	3.17
多元化	3.17
灯组	3.17
侧身	3.17
不赖	3.17
不光	3.17
并不多	3.17
被誉为	3.17
Clean	3.17
占	3.16
提高	3.16
影响	3.14
声音	3.14
车辆	3.13
做到	3.11
适应	3.11
轿车市场	3.11
的确	3.11
不得不	3.11
陪	3.07
类型	3.07
夜间	3.05
不能	3.05
辨识	3.05
值	3.04
车迷	3.04
且	3.03
力	3.03
来自	3.03
看着	3.02
上看	2.99
测试	2.99
维修	2.98
日间	2.98
诱惑	2.97
休息	2.97
头枕	2.97
上涨	2.97
清新	2.97
强悍	2.97
进化	2.97
奖	2.97
环	2.97
复杂	2.97
称之为	2.97
超出	2.97
常青树	2.97
整个	2.96
正是	2.95
引入	2.94
是从	2.94
设备	2.94
不到	2.94
达	2.93
加入	2.92
各	2.92
启动	2.91
买到	2.9
低	2.89
令人	2.88
从容	2.87
作风	2.86
最出色	2.86
组别	2.86
足矣	2.86
转转	2.86
转动	2.86
众人	2.86
置物	2.86
致力	2.86
制	2.86
之处	2.86
正脸	2.86
整装待发	2.86
折面	2.86
折服	2.86
账面	2.86
展露	2.86
斩获	2.86
啧啧	2.86
赞扬	2.86
赞不绝口	2.86
匀速	2.86
跃	2.86
源源不断	2.86
原汁原味	2.86
预	2.86
有口皆碑	2.86
游刃有余	2.86
犹如	2.86
引以为傲	2.86
音乐剧	2.86
眼神	2.86
迅猛	2.86
血液	2.86
雄鹰	2.86
性能参数	2.86
醒目	2.86
新出	2.86
销破	2.86
享誉	2.86
镶拼	2.86
限度	2.86
夏日	2.86
下看	2.86
吸能	2.86
无遗	2.86
沃特湖	2.86
稳步增长	2.86
玩法	2.86
完爆	2.86
妥妥	2.86
天衣无缝	2.86
特高	2.86
所得	2.86
所测	2.86
四大	2.86
水温	2.86
双脚	2.86
适宜	2.86
时尚化	2.86
十分满意	2.86
狮爪	2.86
深邃	2.86
设计者	2.86
少不了	2.86
认可度	2.86
惹眼	2.86
圈粉	2.86
清爽	2.86
倾心	2.86
倾侧	2.86
翘起	2.86
巧思	2.86
前提	2.86
前三甲	2.86
前灯	2.86
牵手	2.86
钎焊	2.86
鳍	2.86
歧管	2.86
朴实	2.86
颇为	2.86
品位	2.86
偏爱	2.86
难免	2.86
耐操	2.86
木纹	2.86
名副其实	2.86
敏锐	2.86
门把手	2.86
美感	2.86
落差	2.86
领略到	2.86
灵活性	2.86
亮色	2.86
俐落	2.86
老帅	2.86
阔绰	2.86
空气净化	2.86
空间布局	2.86
科技含量	2.86
开花	2.86
炯炯有神	2.86
静	2.86
精工	2.86
经久耐用	2.86
郊外	2.86
兼具	2.86
极高	2.86
或对	2.86
浑厚	2.86
徽标	2.86
黑底	2.86
过目难忘	2.86
过渡	2.86
广阔	2.86
固定装置	2.86
勾	2.86
工程学	2.86
高雅	2.86
高效率	2.86
刚度	2.86
干练	2.86
感应式	2.86
辐式	2.86
符合中国	2.86
服务态度	2.86
缝	2.86
分贝	2.86
放平	2.86
防夹	2.86
翻身仗	2.86
夺冠	2.86
趸	2.86
短小	2.86
独具	2.86
独到	2.86
动力学	2.86
点阵	2.86
底蕴	2.86
低谷	2.86
邓超	2.86
等速	2.86
的直	2.86
当今	2.86
大势所趋	2.86
打拼	2.86
垂直	2.86
持久	2.86
成年人	2.86
称赞	2.86
称道	2.86
车位	2.86
车舱	2.86
超广角	2.86
绰绰有余	2.86
产品品质	2.86
曾一度	2.86
璨	2.86
不衰	2.86
别具一格	2.86
边框	2.86
笔直	2.86
迸发	2.86
嘣	2.86
包覆	2.86
棒棒	2.86
摆放	2.86
澳大利亚	2.86
奥运健儿	2.86
安稳	2.86
Clever	2.86
?	2.86
车里	2.85
不够	2.84
有所	2.83
强势	2.83
经济	2.83
过来	2.83
到位	2.83
出自	2.83
做出	2.82
却	2.81
里面	2.81
老爸	2.81
儿子	2.81
要求	2.8
长达	2.79
越好	2.79
向来	2.79
下雨	2.79
柔软	2.79
日后	2.79
人车	2.79
年头	2.79
内在	2.79
可靠	2.79
开来	2.79
红绿灯	2.79
风挡	2.79
房车	2.79
动力性	2.79
菜	2.79
不怕	2.79
巴西	2.79
简直	2.78
既	2.78
自豪	2.77
同行	2.77
控	2.77
呵护	2.77
光源	2.77
该车	2.77
风景	2.77
反馈	2.77
得以	2.77
C级豪华	2.77
展厅	2.75
升级	2.75
人气	2.75
前进	2.75
后期	2.75
发现	2.75
首发	2.73
榜	2.73
新	2.72
公布	2.72
背	2.72
音乐	2.71
今年	2.71
空间设计	2.7
好车	2.7
便利性	2.7
注重	2.69
偏向	2.68
两侧	2.68
化	2.68
包裹	2.68
超	2.67
因为	2.66
旗舰	2.66
倒	2.66
属于	2.63
低调	2.63
市区	2.62
量	2.62
包围	2.62
圆形	2.61
欣赏	2.61
碳纤维	2.61
适中	2.61
趋势	2.61
来讲	2.61
行政	2.61
当前	2.61
带给	2.61
自然	2.6
带	2.59
成都	2.58
利用	2.57
灯光	2.56
尊贵	2.54
看	2.54
刚	2.53
以来	2.52
皮实	2.52
震动	2.51
愉悦	2.51
眼光	2.51
严苛	2.51
拓展	2.51
头顶	2.51
双边	2.51
暑假	2.51
绅士	2.51
三大	2.51
驱动	2.51
锂电池	2.51
家里人	2.51
很小	2.51
涵盖	2.51
轨迹	2.51
功能性	2.51
高温	2.51
发展	2.51
典范	2.51
颠覆	2.51
乘	2.51
超强	2.51
厂家	2.51
安全感	2.51
噪	2.5
手机	2.5
例如	2.5
即使	2.5
最快	2.49
随	2.49
灵感	2.49
换装	2.49
贡献	2.49
各类	2.49
处理	2.48
融入	2.47
努力	2.47
每个	2.47
标识	2.47
尾箱	2.46
说实话	2.46
经常	2.46
见	2.46
基因	2.46
换挡	2.45
因素	2.44
解决	2.44
推背	2.43
驱	2.43
稳	2.42
蛮	2.42
虽	2.4
行车	2.4
高大	2.4
出去	2.4
条件	2.39
全铝	2.39
呵呵	2.39
抖动	2.39
机油	2.38
电动车	2.38
钻石	2.37
整合	2.37
增多	2.37
杂志	2.37
尤为	2.37
拥	2.37
腰身	2.37
扬声器	2.37
验证	2.37
细小	2.37
系统对	2.37
替代	2.37
体	2.37
探测	2.37
少有	2.37
容积	2.37
任务	2.37
扰流板	2.37
牵引力	2.37
气派	2.37
配以	2.37
哪儿	2.37
棉	2.37
离不开	2.37
快感	2.37
看过	2.37
结实	2.37
降到	2.37
兼容	2.37
环绕	2.37
很显	2.37
果真	2.37
逛逛	2.37
高性价比	2.37
反观	2.37
额定功率	2.37
独家	2.37
灯罩	2.37
灯腔	2.37
德国大众	2.37
代名词	2.37
出品	2.37
出彩	2.37
产销	2.37
侧向	2.37
不但	2.37
霸主	2.37
灰尘	2.36
导致	2.36
吗	2.35
反正	2.35
挡	2.35
车队	2.35
长时间	2.34
日前	2.34
区域	2.33
平时	2.32
旋钮	2.31
蓄势待发	2.31
外型	2.31
收获	2.31
柔和	2.31
前格	2.31
气势	2.31
率	2.31
离	2.31
可爱	2.31
价格便宜	2.31
好处	2.31
哈哈哈	2.31
防	2.31
范儿	2.31
动作	2.31
成人	2.31
不容	2.31
不凡	2.31
部分	2.3
夜晚	2.29
系车	2.29
我家	2.29
有望	2.28
未来	2.27
结构	2.27
出风口	2.27
爱车	2.27
不足	2.26
不算	2.26
体系	2.25
区	2.25
清楚	2.25
价钱	2.25
大奖	2.25
差点	2.25
期待	2.24
毛病	2.24
进去	2.24
总之	2.23
应对	2.23
输出	2.23
加热	2.23
相似	2.22
现车	2.22
带有	2.22
盲区	2.21
溜	2.21
后方	2.21
故障率	2.21
人士	2.2
频道	2.2
仅仅	2.2
成员	2.2
才	2.2
全国	2.19
插	2.19
证明	2.18
显	2.18
情况	2.18
故障	2.18
反应	2.18
迎来	2.17
意味着	2.17
随动	2.17
如	2.17
旅游	2.17
轮圈	2.17
力量	2.17
宽体	2.17
速	2.16
缺陷	2.16
持续	2.16
坐垫	2.15
自行车	2.15
再说	2.15
信任	2.15
小孩	2.15
亲民	2.15
里	2.15
驾照	2.15
工况	2.15
风范	2.15
夺得	2.15
扁	2.15
爆棚	2.15
齐全	2.14
机械	2.14
发布会	2.14
到来	2.14
担心	2.14
车友们	2.14
这个	2.13
早已	2.13
硬派	2.13
为什么	2.13
一辆车	2.12
同步	2.12
电池	2.12
直列	2.11
照	2.11
见到	2.11
帮	2.11
均	2.1
支持	2.09
媳妇	2.09
尾门	2.09
分享	2.09
台	2.08
肉	2.07
爬坡	2.07
过程	2.07
钟爱	2.06
直线	2.06
早在	2.06
与时俱进	2.06
引发	2.06
选中	2.06
无忧	2.06
停车位	2.06
所需	2.06
随时	2.06
上榜	2.06
热爱	2.06
全面	2.06
前十名	2.06
其内	2.06
平	2.06
排行	2.06
六边形	2.06
蓝牙	2.06
开阔	2.06
精心	2.06
划算	2.06
花粉	2.06
横幅	2.06
高出	2.06
钢	2.06
防止	2.06
多达	2.06
产量	2.06
棒	2.06
任何	2.05
形容	2.04
吸	2.04
前麦弗逊	2.04
美式	2.04
开创	2.04
俱乐部	2.04
惊人	2.04
仅	2.04
触控	2.04
车窗	2.04
无疑	2.03
之所以	2.02
熄火	2.02
考虑	2.02
钢材	2.02
大面积	2.02
不用说	2.02
选	2.01
美观	2.01
尺寸	2.01
最少	2
紫外线	2
中排	2
真不错	2
渣	2
杂物	2
雨刷	2
有史以来	2
油温	2
优良	2
应有	2
一体化	2
沿	2
哑光	2
虚荣心	2
新意	2
新鲜感	2
小面	2
想买	2
相间	2
先驱	2
席位	2
吸收	2
务实	2
同年	2
锁扣	2
随心	2
算得	2
首创	2
适当	2
视听享受	2
使用寿命	2
深耕	2
三辐式	2
容纳	2
取得成功	2
情有独钟	2
情商	2
骑行	2
七速	2
评选	2
炮筒	2
欧式	2
内置	2
那会儿	2
名次	2
轮距	2
灵巧	2
棱角	2
拉货	2
宽广	2
快报	2
可比	2
考量	2
看做	2
开了	2
开放	2
绝对优势	2
尽情	2
锦标赛	2
郊游	2
件物品	2
驾	2
家庭成员	2
佳绩	2
缓解	2
呼吸	2
很强	2
好用	2
撼动	2
光导	2
功力	2
公认	2
更进一步	2
更佳	2
更何况	2
格式	2
戈壁	2
钢琴	2
感叹	2
非常灵活	2
翻折	2
多变	2
陡坡	2
地步	2
丹麦	2
璀璨	2
出头	2
称得上	2
沉	2
超宽	2
常常	2
不易	2
不言而喻	2
不断创新	2
摒弃	2
并存	2
表现出色	2
变革	2
傲视	2
安全系数	2
国庆	1.99
厉害	1.98
价位	1.98
换	1.98
关闭	1.98
东西	1.98
本来	1.98
助力	1.97
造成	1.97
样子	1.97
可靠性	1.96
交	1.96
阵营	1.95
远远	1.95
协会	1.95
小钢炮	1.95
下方	1.95
细分	1.95
问世	1.95
完善	1.95
顺利	1.95
热门	1.95
排	1.95
巴黎	1.95
巡航	1.94
小毛病	1.94
内侧	1.94
那种	1.94
速度	1.93
拉	1.93
所以	1.92
放	1.92
状态	1.91
每次	1.91
车门	1.91
保	1.91
坐过	1.9
最深	1.9
最让人	1.9
最大化	1.9
阻	1.9
走走停停	1.9
走南闯北	1.9
卓有成效	1.9
装载	1.9
助	1.9
主模型	1.9
重装	1.9
终将	1.9
忠诚度	1.9
中华车	1.9
智感	1.9
质量标准	1.9
制胜	1.9
制冷	1.9
制霸	1.9
正副	1.9
震撼力	1.9
这时候	1.9
折线	1.9
照地	1.9
招商	1.9
长盛不衰	1.9
战胜	1.9
占有量	1.9
赞叹	1.9
在外	1.9
载货	1.9
跃升	1.9
远红外线	1.9
愈	1.9
驭感	1.9
诱惑力	1.9
有害物质	1.9
勇	1.9
英伦	1.9
音响器材	1.9
音色	1.9
意犹未尽	1.9
艺术品	1.9
椅垫	1.9
矣	1.9
以其	1.9
已婚	1.9
衣帽钩	1.9
一目了然	1.9
一闷	1.9
液晶屏幕	1.9
夜幕	1.9
腰托	1.9
样架	1.9
仰望	1.9
鸭嘴	1.9
雪人	1.9
炫黑	1.9
选材	1.9
修订	1.9
雄厚	1.9
新鲜空气	1.9
新生力量	1.9
携带	1.9
斜	1.9
效率高	1.9
小馨馨	1.9
小老婆	1.9
想当初	1.9
箱	1.9
相接	1.9
相当可观	1.9
相处	1.9
线条美	1.9
现代集团	1.9
显大	1.9
下雪	1.9
细看	1.9
息息相关	1.9
物	1.9
五代	1.9
五彩缤纷	1.9
五边形	1.9
无法自拔	1.9
卧室	1.9
窝	1.9
稳固	1.9
纹饰	1.9
文化氛围	1.9
温度传感器	1.9
味十足	1.9
唯我	1.9
为先	1.9
威圣	1.9
望去	1.9
望尘莫及	1.9
旺销	1.9
旺	1.9
網	1.9
王道	1.9
突起	1.9
凸显出	1.9
透气性	1.9
痛快	1.9
同理	1.9
通透	1.9
调皮	1.9
天空	1.9
体能	1.9
体积小	1.9
素有	1.9
四环	1.9
说句实话	1.9
双翼	1.9
输于	1.9
舒缓	1.9
守护	1.9
手工	1.9
手扶	1.9
手电	1.9
室友	1.9
势头	1.9
式样	1.9
世界级	1.9
驶离	1.9
使用率	1.9
实力派	1.9
狮眼	1.9
省却	1.9
声道	1.9
生活态度	1.9
神级	1.9
深入人心	1.9
深得我心	1.9
伸展	1.9
蛇口	1.9
稍短	1.9
尚且	1.9
上乘	1.9
赏心悦目	1.9
晒图	1.9
啥意思	1.9
鲨齿式	1.9
杀到	1.9
骚	1.9
三辐	1.9
撒欢	1.9
润华	1.9
软化	1.9
如其	1.9
如履平地	1.9
人会	1.9
热血	1.9
全情	1.9
娶	1.9
驱动力	1.9
情愿	1.9
倾角	1.9
轻触	1.9
青出于蓝而胜于蓝	1.9
亲切	1.9
强者	1.9
潜心	1.9
前浪	1.9
前几日	1.9
前杠	1.9
气流	1.9
其后	1.9
朴实无华	1.9
破损	1.9
迫不及待	1.9
颇具	1.9
评判	1.9
平化	1.9
平湖	1.9
品牌设计	1.9
配及	1.9
排到	1.9
年轻一代	1.9
泥坑	1.9
能源技术	1.9
内嵌	1.9
耐腐蚀	1.9
哪人	1.9
沐浴	1.9
木质	1.9
默契	1.9
明媚	1.9
密封性	1.9
秘诀	1.9
每一处	1.9
每秒	1.9
每分钟	1.9
没配	1.9
没得说的	1.9
满满	1.9
马虎	1.9
略偏	1.9
滤震	1.9
律动	1.9
落落大方	1.9
路转粉	1.9
领军者	1.9
撂	1.9
良驹	1.9
脸格	1.9
利索	1.9
利丰	1.9
力来	1.9
力道	1.9
冷静	1.9
棱线	1.9
老友	1.9
老一辈	1.9
拉丝	1.9
拉伸	1.9
溃缩	1.9
快节奏	1.9
啃	1.9
可怜	1.9
颗星	1.9
考究	1.9
看家本领	1.9
开朗	1.9
俊	1.9
均衡性	1.9
举世瞩目	1.9
局势	1.9
纠正	1.9
净化	1.9
精密	1.9
精简	1.9
精悍	1.9
经受	1.9
经久不衰	1.9
近辆	1.9
紧急制动	1.9
紧急情况	1.9
今年夏天	1.9
截面	1.9
结语	1.9
较晚	1.9
角	1.9
交钱	1.9
交出	1.9
降下	1.9
匠心独运	1.9
奖项	1.9
健儿	1.9
见解	1.9
简练	1.9
简单明了	1.9
间距	1.9
家庭用户	1.9
加以	1.9
加速性	1.9
加冕	1.9
既是	1.9
急弯	1.9
极强	1.9
基调	1.9
基础油	1.9
鸡血	1.9
肌力	1.9
活泼	1.9
浑然一体	1.9
会员	1.9
换换	1.9
环形	1.9
环境温度	1.9
化解	1.9
护驾	1.9
呼之欲出	1.9
后延式	1.9
后侧	1.9
横竖	1.9
和家	1.9
合拍	1.9
好端端	1.9
豪迈	1.9
行家	1.9
焊连	1.9
汗颜	1.9
汉子	1.9
酣畅	1.9
过渡期	1.9
国际品牌	1.9
滚	1.9
广泛应用	1.9
光是	1.9
冠以	1.9
观感	1.9
挂入	1.9
顾虑	1.9
共同	1.9
功能强大	1.9
功能模块	1.9
功能丰富	1.9
公分	1.9
更添	1.9
更上	1.9
各处	1.9
格纹	1.9
搁	1.9
高贵	1.9
高分	1.9
高等	1.9
刚劲有力	1.9
感在	1.9
感更	1.9
改用	1.9
负面新闻	1.9
辅以	1.9
符合人体	1.9
扶	1.9
封神	1.9
风量	1.9
奋力	1.9
分量	1.9
废气	1.9
防腐	1.9
防抱死	1.9
方便快捷	1.9
发言	1.9
二话没说	1.9
耳目一新	1.9
而外	1.9
而其	1.9
恶劣	1.9
呃	1.9
独资	1.9
动能	1.9
东南亚	1.9
鼎力支持	1.9
鼎力	1.9
雕琢	1.9
电源插座	1.9
电气化	1.9
颠覆性	1.9
地性	1.9
登顶	1.9
的士	1.9
德语	1.9
得分	1.9
到	1.9
倒挡	1.9
党	1.9
挡不住	1.9
弹跳	1.9
大增	1.9
大大增加	1.9
大大提高	1.9
打量	1.9
打个招呼	1.9
答卷	1.9
达到最佳	1.9
错落有致	1.9
搓	1.9
吋	1.9
词语	1.9
纯手工	1.9
纯平	1.9
穿行	1.9
触感	1.9
除此以外	1.9
出外	1.9
乘座	1.9
成形	1.9
成名	1.9
成功经验	1.9
称霸	1.9
车控	1.9
朝	1.9
超载	1.9
敞亮	1.9
产销量	1.9
产品质量	1.9
拆完	1.9
层次分明	1.9
侧后方	1.9
残酷	1.9
不遗余力	1.9
不锈钢	1.9
不肉	1.9
不累	1.9
不可收拾	1.9
波普黄	1.9
冰面	1.9
表面积	1.9
标准化	1.9
遍地	1.9
便捷性	1.9
变线	1.9
比赛项目	1.9
比比皆是	1.9
鼻祖	1.9
逼人	1.9
蹦极	1.9
杯托	1.9
宝贵	1.9
磅礴	1.9
半壁江山	1.9
掰	1.9
奥地利	1.9
傲视群雄	1.9
昂扬	1.9
按住	1.9
easy	1.9
希望	1.89
量产	1.89
纵置	1.88
透露	1.88
气格	1.88
澎湃	1.88
能量	1.88
目光	1.88
车间	1.88
直接	1.87
真	1.87
造车	1.87
凸起	1.87
翘	1.87
路上	1.87
缝线	1.87
底部	1.87
自驾	1.86
政策	1.86
精彩	1.86
纵向	1.85
铸铁	1.85
张扬	1.85
引擎盖	1.85
悬念	1.85
休闲	1.85
相中	1.85
显而易见	1.85
无敌	1.85
往往	1.85
推动	1.85
躺	1.85
探头	1.85
说出	1.85
顺手	1.85
舒心	1.85
时期	1.85
商量	1.85
入	1.85
人员	1.85
品牌价值	1.85
美国	1.85
每月	1.85
旅程	1.85
例外	1.85
夸	1.85
姐	1.85
架构	1.85
加大	1.85
积累	1.85
湖北	1.85
忽略	1.85
各项	1.85
典雅	1.85
穿梭	1.85
新款	1.84
相伴	1.84
青春	1.84
快	1.84
开车	1.84
赶紧	1.84
改动	1.84
承载	1.84
款车	1.83
程度	1.83
后悔	1.82
升	1.81
偶尔	1.81
周年	1.8
五星	1.8
驾控	1.8
灰色	1.8
笔者	1.8
指	1.78
情怀	1.78
一样	1.77
沿用	1.77
特殊	1.77
陌生	1.77
梦	1.77
豪华型	1.77
单	1.77
别	1.77
板	1.77
新增	1.76
进入	1.76
接	1.76
工程师	1.76
大屏	1.76
车款	1.76
参考	1.76
节能	1.75
屁股	1.74
设定	1.73
容易	1.73
混	1.73
很棒	1.73
发生	1.73
不可	1.73
倒车	1.72
加油	1.71
分别	1.71
再度	1.7
源于	1.7
原创	1.7
性感	1.7
镶嵌	1.7
无限	1.7
涂装	1.7
特性	1.7
双色	1.7
输	1.7
试驾	1.7
身	1.7
前瞻	1.7
女神	1.7
磨合期	1.7
面	1.7
款式	1.7
看不到	1.7
豪华轿车	1.7
共有	1.7
等级	1.7
呈现	1.7
不会	1.7
行李	1.69
直喷	1.68
轻	1.68
超过	1.68
停车	1.67
其中	1.67
各种	1.67
成	1.66
软	1.65
这方面	1.64
看来	1.64
占据	1.63
遇到	1.63
亮	1.63
靠	1.62
左	1.61
遵循	1.61
注蜡	1.61
中等	1.61
智者见智	1.61
智能手机	1.61
只用	1.61
之路	1.61
原理	1.61
有加	1.61
有次	1.61
优越	1.61
依托	1.61
腰	1.61
悬浮式	1.61
悬浮	1.61
新生代	1.61
心思	1.61
喜悦	1.61
洗礼	1.61
牺牲	1.61
无人	1.61
无比	1.61
外貌	1.61
天线	1.61
台阶	1.61
丝绸之路	1.61
瞬时	1.61
收音机	1.61
世人	1.61
省去	1.61
稍稍	1.61
晒	1.61
仁者见仁	1.61
全黑	1.61
亲密	1.61
强有力	1.61
旗帜	1.61
旗下	1.61
奇迹	1.61
喷射	1.61
排座位	1.61
泥泞	1.61
敏感	1.61
零售	1.61
撩	1.61
联会	1.61
离地	1.61
累积	1.61
狂野	1.61
宽松	1.61
空腔	1.61
客车	1.61
抗衡	1.61
剧院	1.61
晋	1.61
将车	1.61
极富	1.61
极端	1.61
换档	1.61
欢乐	1.61
厚实	1.61
号称	1.61
哈	1.61
光带	1.61
攻击性	1.61
咯	1.61
搞定	1.61
非凡	1.61
法宝	1.61
地将	1.61
导航系统	1.61
当代	1.61
淡定	1.61
单纯	1.61
大脑	1.61
凑合	1.61
出炉	1.61
承认	1.61
成果	1.61
车流	1.61
超低	1.61
舱	1.61
不过	1.61
不必	1.61
遍布	1.61
保有量	1.61
白天	1.61
澳洲	1.61
空气	1.6
就算	1.6
大量	1.6
最后	1.59
自行车赛	1.59
展台	1.59
平衡	1.59
满	1.59
烤漆	1.59
劲	1.59
接送	1.59
讲究	1.59
或是	1.59
成立	1.59
先生	1.58
买	1.58
儿童	1.58
主流	1.57
一定	1.57
像	1.57
超车	1.57
凸显	1.56
上档次	1.56
轻盈	1.56
美系	1.56
看重	1.56
健康	1.56
几乎	1.56
感强	1.56
方向	1.56
总的来说	1.55
置换	1.55
去	1.55
没什么	1.55
开过	1.55
极大	1.55
直	1.54
想	1.54
安全隐患	1.54
坐在	1.53
有些	1.53
平均	1.53
怠	1.53
诸如	1.52
一家人	1.52
学	1.52
小	1.52
位列	1.52
适用	1.52
升级版	1.52
日系	1.52
取	1.52
匹配	1.52
可调	1.52
精美	1.52
火爆	1.52
纯正	1.52
测	1.52
并	1.52
冰箱	1.52
逼格	1.52
有力	1.51
回家	1.51
槽	1.51
优惠	1.5
借鉴	1.5
好像	1.5
应用	1.49
涡轮	1.49
唯一	1.49
胎压	1.49
干脆	1.49
地板	1.49
别人	1.49
怎样	1.48
举办	1.48
车况	1.48
不久	1.48
欲	1.47
一大	1.47
眼中	1.47
小轿车	1.47
同门	1.47
全程	1.47
内外	1.47
那个	1.47
快速	1.47
潮流	1.47
比如说	1.47
失望	1.46
快乐	1.46
过后	1.46
右	1.45
突然	1.45
举行	1.45
覆盖	1.45
报价	1.45
原则	1.44
以外	1.44
眼前	1.44
心动	1.44
挑战	1.44
提车	1.44
首席	1.44
事实上	1.44
企	1.44
即将	1.44
各自	1.44
放到	1.44
成就	1.44
产物	1.44
策略	1.44
一举	1.43
提醒	1.43
全家人	1.43
敲定	1.43
其它	1.43
偏好	1.43
旁边	1.43
迷住	1.43
没得说	1.43
利用率	1.43
建立	1.43
共计	1.43
动	1.43
一同	1.42
新车型	1.42
逃生	1.42
身影	1.42
若	1.42
将近	1.42
见面	1.42
海外版	1.42
改装	1.42
改成	1.42
定价	1.42
屌丝	1.42
中级	1.41
中高级	1.41
原型车	1.41
选手	1.41
幸福	1.41
形式	1.41
象征	1.41
上方	1.41
诠释	1.41
全部	1.41
媒体	1.41
见证	1.41
等待	1.41
尝试	1.41
C级车	1.41
以后	1.4
心里	1.4
静音	1.4
价	1.4
果断	1.4
挂	1.4
个人感觉	1.4
副驾驶	1.4
电式	1.4
同	1.39
却是	1.39
开到	1.39
换车	1.39
导航	1.39
晕车	1.38
月牙形	1.38
引人注目	1.38
一般般	1.38
压抑	1.38
兴奋	1.38
想必	1.38
相结合	1.38
未	1.38
妥协	1.38
停止	1.38
缩小	1.38
算法	1.38
刷新	1.38
史	1.38
七夕	1.38
卖出	1.38
流线	1.38
良心	1.38
坑坑洼洼	1.38
据悉	1.38
举	1.38
精力	1.38
角色	1.38
角落	1.38
驾驶舱	1.38
机器人	1.38
红灯	1.38
隔栅	1.38
赶快	1.38
风采	1.38
定车	1.38
到手	1.38
大幅度	1.38
打孔	1.38
从没	1.38
驰骋	1.38
成型	1.38
沉闷	1.38
车比	1.38
不下	1.38
标致大道	1.38
奔跑	1.38
暴力	1.38
同价位	1.37
较为	1.37
不是	1.37
逐步	1.36
上下班	1.36
强烈	1.36
满载	1.36
路面	1.36
金属	1.36
国产	1.36
排量	1.35
接受	1.35
消耗	1.34
实车	1.34
年轻化	1.34
没用	1.34
概念车	1.34
哒	1.34
脚	1.33
记录仪	1.32
多功能	1.32
自己	1.31
喇叭	1.31
版本	1.31
站	1.3
舒适型	1.3
蓝色	1.3
决定	1.3
减	1.3
焊接	1.3
还好	1.3
高度	1.3
聪明	1.3
出去玩	1.3
安全气囊	1.3
物品	1.29
手动挡	1.29
气囊	1.29
过弯	1.29
扶手	1.29
颠簸	1.29
常年	1.29
做	1.28
只能	1.28
已经	1.28
后座	1.28
当时	1.28
受到	1.27
前后	1.27
方式	1.27
质保	1.26
再有	1.26
移动	1.26
途中	1.26
添	1.26
胜出	1.26
坡道	1.26
还有	1.26
购买	1.26
电子	1.26
地面	1.26
越	1.25
续航	1.25
算	1.25
理由	1.25
走向	1.24
字样	1.24
转变	1.24
硬	1.24
液晶屏	1.24
雪地	1.24
我会	1.24
特有	1.24
融为一体	1.24
清单	1.24
倾力	1.24
亲子	1.24
强化	1.24
欧美	1.24
难题	1.24
迷	1.24
轮	1.24
领航	1.24
理性	1.24
老百姓	1.24
可想而知	1.24
就让	1.24
旧款	1.24
静态	1.24
较好	1.24
很快	1.24
功夫	1.24
个人观点	1.24
奋斗	1.24
非常明显	1.24
范围	1.24
而言	1.24
订金	1.24
奠定	1.24
底子	1.24
大于	1.24
创意	1.24
初衷	1.24
超市	1.24
抄	1.24
插孔	1.24
不行	1.24
飙升	1.24
标志性	1.24
状况	1.23
这么	1.23
命名	1.23
梦想	1.23
均匀	1.23
极其	1.23
定位	1.23
比较满意	1.23
神	1.22
仔细	1.21
携手	1.21
库存	1.21
火	1.21
规划	1.21
怎么	1.2
下来	1.2
玩	1.2
听说	1.2
好感	1.2
当	1.2
座车	1.19
尊享	1.19
最酷	1.19
总长度	1.19
总长	1.19
字体	1.19
卓	1.19
撞击力	1.19
庄重	1.19
转弯半径	1.19
转身	1.19
转化	1.19
中年人	1.19
中级轿车	1.19
指正	1.19
纸质	1.19
正宗	1.19
臻	1.19
真是太	1.19
找不出	1.19
展翅飞翔	1.19
宅	1.19
赞誉	1.19
再好	1.19
再创	1.19
运转	1.19
运气	1.19
愿景	1.19
圆环	1.19
雨量	1.19
宇宙	1.19
有利于	1.19
有点儿	1.19
由内而外	1.19
悠久	1.19
用途	1.19
永磁	1.19
映射	1.19
赢家	1.19
印证	1.19
隐藏式	1.19
异色	1.19
椅背	1.19
宜家	1.19
宜	1.19
一丝不苟	1.19
一代人	1.19
一大早	1.19
养眼	1.19
阳刚	1.19
炫动	1.19
选去	1.19
新鲜	1.19
新锐	1.19
协助	1.19
小智	1.19
小巧玲珑	1.19
小亮	1.19
小伙	1.19
小号	1.19
销辆	1.19
消	1.19
响亮	1.19
享有	1.19
厢房	1.19
现今	1.19
鲜肉	1.19
下单	1.19
狭窄	1.19
物美价廉	1.19
无聊	1.19
稳妥	1.19
稳步	1.19
温控	1.19
往返	1.19
王牌	1.19
完整性	1.19
外形尺寸	1.19
外景	1.19
外加	1.19
挖掘	1.19
脱困	1.19
蜕变	1.19
挑不出	1.19
填	1.19
体格	1.19
特制	1.19
淘宝	1.19
太帅	1.19
太棒了	1.19
随行	1.19
算下来	1.19
四平八稳	1.19
四代	1.19
死忠	1.19
说不上	1.19
双重	1.19
双拼	1.19
收官	1.19
生产工艺	1.19
身怀绝技	1.19
申请	1.19
稍带	1.19
筛选	1.19
杀手锏	1.19
三强	1.19
赛季	1.19
软性	1.19
如此一来	1.19
日新月异	1.19
人性	1.19
趋于	1.19
情人	1.19
情理之中	1.19
青海湖	1.19
亲睐	1.19
前瞻性	1.19
前移	1.19
气缸	1.19
起伏	1.19
其一	1.19
其前	1.19
扑面而来	1.19
破百	1.19
平平淡淡	1.19
喷水	1.19
爬山	1.19
能耗	1.19
能干	1.19
莫过于	1.19
秒钟	1.19
闷声	1.19
妹夫	1.19
美美	1.19
每位	1.19
没得	1.19
迈出	1.19
马牌	1.19
马丁脸	1.19
绿衫	1.19
落	1.19
聆听	1.19
凌特	1.19
灵敏度	1.19
两不误	1.19
链子	1.19
历代	1.19
老牌子	1.19
老话	1.19
牢牢	1.19
蓝天白云	1.19
拉丁	1.19
可折叠	1.19
可见一斑	1.19
看样子	1.19
看家	1.19
开关门	1.19
爵士	1.19
绝佳	1.19
精益求精	1.19
精雕细琢	1.19
惊爆	1.19
近来	1.19
近处	1.19
紧跟	1.19
接地	1.19
焦点	1.19
降温	1.19
寄托	1.19
技术含量	1.19
嫉妒	1.19
极好	1.19
及其	1.19
激发	1.19
火速	1.19
活跃	1.19
会议	1.19
焕然一新	1.19
换气	1.19
欢迎	1.19
弧度	1.19
呼声	1.19
横	1.19
黑白	1.19
核心部件	1.19
过时	1.19
过分	1.19
光盘	1.19
冠	1.19
拐弯	1.19
刮目相看	1.19
功底	1.19
给力	1.19
革命性	1.19
感性	1.19
盖板	1.19
锋芒	1.19
风雨	1.19
风生水	1.19
奋进	1.19
分体	1.19
分割	1.19
分布	1.19
非常适合	1.19
芳心	1.19
法国人	1.19
发帖	1.19
发明	1.19
恩施	1.19
多样化	1.19
锻造	1.19
读取	1.19
独具一格	1.19
动心	1.19
电音	1.19
电容	1.19
电力	1.19
低价位	1.19
当家花旦	1.19
淡季	1.19
单身	1.19
大名鼎鼎	1.19
大关	1.19
大床	1.19
大标	1.19
打下	1.19
打磨	1.19
粗壮	1.19
出远门	1.19
出于	1.19
城区	1.19
成分	1.19
沉重	1.19
车坛	1.19
车键	1.19
朝阳	1.19
超前	1.19
场馆	1.19
差速	1.19
刹车踏板	1.19
踩下	1.19
并排	1.19
兵哥	1.19
别致	1.19
笔记本电脑	1.19
比赛	1.19
本色	1.19
背门	1.19
背版	1.19
北方	1.19
爆表	1.19
保证车辆	1.19
保护膜	1.19
伴侣	1.19
搬	1.19
把握	1.19
把控	1.19
跋山涉水	1.19
按锁	1.19
按摩	1.19
安全可靠	1.19
矮	1.19
ACE	1.19
自信	1.18
转弯	1.18
信心	1.18
终于	1.17
哦	1.17
放弃	1.17
别的	1.17
自行	1.16
致力于	1.16
震撼	1.16
缘分	1.16
预热	1.16
油电	1.16
银	1.16
音响效果	1.16
翼	1.16
一旦	1.16
夜视	1.16
相连	1.16
限量	1.16
说起	1.16
双层	1.16
售出	1.16
市面上	1.16
生意	1.16
深厚	1.16
山路	1.16
沙发	1.16
全自动	1.16
倾向	1.16
前沿	1.16
那天	1.16
摩托车	1.16
面世	1.16
美好	1.16
借助	1.16
讲解	1.16
加强	1.16
嗨	1.16
和谐	1.16
高科技	1.16
高低	1.16
蜂窝状	1.16
粉	1.16
等到	1.16
大学	1.16
大大	1.16
保养	1.16
现场	1.15
奢华	1.15
曝光	1.15
看上	1.15
放心	1.15
但	1.15
畅销	1.15
异常	1.14
数	1.14
师傅	1.14
取代	1.14
路边	1.14
竟然	1.14
怀疑	1.14
福特公司	1.14
不爽	1.14
宣布	1.13
提到	1.13
太小	1.13
声	1.13
去年	1.13
放在	1.13
掉头	1.13
店	1.13
装置	1.12
主打	1.12
悬挂	1.12
现象	1.12
入门级	1.12
普通	1.12
集团	1.12
辉煌	1.12
贵	1.12
触摸屏	1.12
查看	1.12
真正	1.11
一体	1.11
相对	1.11
习惯	1.11
隔音	1.11
周围	1.1
之中	1.1
远	1.1
耀眼	1.1
相继	1.1
西班牙	1.1
试车	1.1
深入	1.1
社会	1.1
日本	1.1
全世界	1.1
前者	1.1
其余	1.1
普及	1.1
难受	1.1
名车	1.1
联盟	1.1
老家	1.1
究竟	1.1
界	1.1
结婚	1.1
阶段	1.1
件	1.1
减重	1.1
假期	1.1
佳	1.1
官方	1.1
关爱	1.1
公交	1.1
跟随	1.1
高转速	1.1
传动	1.1
冲动	1.1
差价	1.1
操纵	1.1
图片	1.09
漆面	1.09
开幕	1.09
驾驶座	1.09
当中	1.09
促销	1.09
准	1.08
战略	1.08
秀	1.08
享	1.08
手动档	1.08
钱	1.08
店里	1.08
组成	1.07
专利	1.07
允许	1.07
小区	1.07
无意	1.07
投放	1.07
投产	1.07
刷	1.07
输出功率	1.07
收入	1.07
胜	1.07
上面	1.07
赛事	1.07
容量	1.07
评	1.07
难看	1.07
明星	1.07
明白	1.07
老师	1.07
可达	1.07
考验	1.07
检验	1.07
继承	1.07
基地	1.07
根本	1.07
放下	1.07
发起	1.07
发力	1.07
出发	1.07
成长	1.07
保持一致	1.07
宝马新	1.07
百度	1.07
最小	1.06
中期	1.06
运营	1.06
右边	1.06
有时候	1.06
由	1.06
影子	1.06
隐藏	1.06
寻找	1.06
下降	1.06
袭	1.06
位	1.06
弯	1.06
同款	1.06
提速	1.06
苏州	1.06
事故	1.06
实验	1.06
旗舰型	1.06
目的	1.06
美版	1.06
烂	1.06
简称	1.06
继	1.06
纪念	1.06
互动	1.06
厚道	1.06
后轮	1.06
海外	1.06
过滤器	1.06
刮	1.06
高级轿车	1.06
从此	1.06
变得	1.06
整容	1.05
长沙	1.05
优质	1.05
赢	1.05
依靠	1.05
相比之下	1.05
塑造	1.05
手里	1.05
时刻	1.05
荣膺	1.05
恰到好处	1.05
摩擦	1.05
每日	1.05
每	1.05
检查	1.05
后部	1.05
诟病	1.05
感到	1.05
夺	1.05
传感器	1.05
不难看出	1.05
再次	1.04
计划	1.04
不想	1.04
作用	1.03
选车	1.03
雾灯	1.03
设置	1.03
地区	1.03
本次	1.03
预计	1.02
身材	1.02
破	1.02
排气管	1.02
来到	1.02
毫无	1.02
车长	1.02
车市	1.02
踩油门	1.02
拨	1.02
保值	1.02
?	1.02
依旧	1.01
虚位	1.01
为主	1.01
普遍	1.01
皮质	1.01
靠背	1.01
竞争力	1.01
较低	1.01
减震	1.01
及时	1.01
盒	1.01
刚性	1.01
点缀	1.01
次	1.01
爆发	1.01
压力	1
认为	1
切换	1
拍	1
较高	1
行李厢	1
行李架	1
德系	1
打开	1
转	0.99
售后	0.99
顶配	0.99
总	0.98
真是	0.98
早就	0.98
地盘	0.98
曾	0.98
长	0.97
无人驾驶	0.97
数字	0.97
其次	0.97
障碍物	0.96
展位	0.96
有时	0.96
性格	0.96
氙气	0.96
他们	0.96
送	0.96
收购	0.96
屏幕	0.96
配色	0.96
公司	0.96
差异	0.96
做作	0.95
做首	0.95
座机	0.95
坐起	0.95
作祟	0.95
左邻	0.95
昨天上午	0.95
最窄	0.95
最远	0.95
最优设计	0.95
最舒服	0.95
最受	0.95
最亮	0.95
最脸熟	0.95
最具	0.95
最火	0.95
最高点	0.95
嘴式	0.95
嘴皮子	0.95
钻研	0.95
钻式	0.95
钻过去	0.95
组及	0.95
组合式	0.95
组份	0.95
走私	0.95
纵享	0.95
总助	0.95
总院	0.95
总工程师	0.95
总而言之	0.95
总的来看	0.95
总得	0.95
踪迹	0.95
字形	0.95
自在	0.95
自我感觉	0.95
自食其力	0.95
自然界	0.95
自然而然	0.95
自谦	0.95
自领	0.95
自份	0.95
自动控制	0.95
自的	0.95
兹曼	0.95
孜孜不倦	0.95
卓著	0.95
卓然	0.95
卓绝	0.95
灼伤	0.95
捉到	0.95
准确无误	0.95
准打	0.95
追慕	0.95
撞色	0.95
装有	0.95
装配车间	0.95
装满	0.95
装个	0.95
装得	0.95
赚到	0.95
转注	0.95
转一转	0.95
转可	0.95
转粉	0.95
专智	0.95
专业技能	0.95
专心	0.95
专情	0.95
抓握	0.95
抓力	0.95
注销	0.95
注脚	0.95
主页	0.95
主色调	0.95
主公	0.95
猪	0.95
周围环境	0.95
周身	0.95
周科	0.95
重物	0.95
重量轻	0.95
重力	0.95
重回	0.95
重夺	0.95
钟意	0.95
钟情	0.95
终结	0.95
终极目标	0.95
终得	0.95
中轴线	0.95
中长期	0.95
中要	0.95
中小型	0.95
中小	0.95
中线	0.95
中调	0.95
中速	0.95
中试	0.95
中汽协	0.95
中买	0.95
中联	0.95
中举	0.95
中后	0.95
中等水平	0.95
中德	0.95
中标	0.95
置身	0.95
窒息	0.95
致雅	0.95
致密	0.95
挚诚	0.95
质造	0.95
质朴	0.95
质地	0.95
制造厂商	0.95
制车	0.95
至分	0.95
指引	0.95
指禅	0.95
纸上谈兵	0.95
纸巾	0.95
值当道	0.95
直言不讳	0.95
直升机	0.95
直射	0.95
直瀑	0.95
直喷式	0.95
直达	0.95
直边	0.95
知晓	0.95
只身一人	0.95
之友	0.95
政策法规	0.95
郑恺	0.95
证券	0.95
正中间	0.95
正中	0.95
正义	0.95
正恒	0.95
正合适	0.95
正合	0.95
正服	0.95
正的	0.95
整线	0.95
蒸	0.95
铮铮铁骨	0.95
争抢	0.95
震板	0.95
振奋人心	0.95
阵痛期	0.95
阵地	0.95
枕头	0.95
真无语	0.95
真算	0.95
真巧	0.95
真难	0.95
真得	0.95
着有	0.95
着以	0.95
着要	0.95
着前	0.95
着高	0.95
着大	0.95
这下子	0.95
这双	0.95
这事	0.95
这年头	0.95
这两点	0.95
折射	0.95
折叠桌	0.95
遮光	0.95
照提	0.95
沼泽	0.95
昭示	0.95
招人	0.95
招牌	0.95
涨势	0.95
涨价	0.95
长远	0.95
长三角	0.95
长青	0.95
长期以来	0.95
长篇	0.95
长坤店	0.95
长久以来	0.95
长江后浪推前浪	0.95
长江后浪	0.95
张帆	0.95
张弛	0.95
占便宜	0.95
粘接	0.95
摘取	0.95
炸街	0.95
炸弹	0.95
渣渣	0.95
锃亮	0.95
增长幅度	0.95
造价	0.95
造好	0.95
造出	0.95
赞许	0.95
赞叹不已	0.95
赞美	0.95
赞爆	0.95
暂定	0.95
在京举行	0.95
再者	0.95
再等	0.95
灾害	0.95
砸钱	0.95
杂乱	0.95
蕴藏	0.95
韵律	0.95
运货	0.95
越用	0.95
越来越	0.95
越火	0.95
越贵	0.95
跃居	0.95
岳父母	0.95
远远不够	0.95
远销	0.95
远胜	0.95
远门	0.95
远见	0.95
缘何	0.95
原意	0.95
原味	0.95
原款	0.95
袁岳	0.95
誉为	0.95
愈远	0.95
愈发	0.95
御姐	0.95
预选	0.95
预判	0.95
预紧	0.95
语音指令	0.95
语无伦次	0.95
与我无关	0.95
于高端	0.95
於	0.95
幼儿	0.95
右手	0.95
右居	0.95
右脚	0.95
有子	0.95
有中	0.95
有致	0.95
有远见	0.95
有缘分	0.95
有意无意	0.95
有一	0.95
有样	0.95
有误	0.95
有所提高	0.95
有利	0.95
有棱有角	0.95
有揭	0.95
有降	0.95
有家	0.95
有刚	0.95
有度	0.95
有毒气体	0.95
有别于	0.95
友谊	0.95
友人	0.95
游山玩水	0.95
油生	0.95
油然而生	0.95
油壶	0.95
由衷	0.95
由始至终	0.95
尤	0.95
悠然	0.95
优异成绩	0.95
优选	0.95
优秀品质	0.95
优渥	0.95
用至	0.95
用油	0.95
用心良苦	0.95
用上	0.95
用具	0.95
用过	0.95
用惯	0.95
用暴	0.95
涌现	0.95
勇于创新	0.95
雍容华贵	0.95
庸才	0.95
拥护	0.95
硬套	0.95
硬邦邦的	0.95
映入眼帘	0.95
映衬	0.95
应运而生	0.95
应用程序	0.95
影坛	0.95
荧幕	0.95
迎接挑战	0.95
婴儿车	0.95
婴儿	0.95
英气逼人	0.95
英国伦敦	0.95
隐隐	0.95
隐蔽	0.95
引人瞩目	0.95
引领者	0.95
引荐	0.95
银弧	0.95
殷切	0.95
音译	0.95
音频文件	0.95
音乐文件	0.95
阴霾	0.95
因人而异	0.95
熠熠生辉	0.95
意向书	0.95
意大利人	0.95
易读	0.95
易懂	0.95
异有	0.95
异议	0.95
义无反顾	0.95
义薄云天	0.95
以上者	0.95
移植	0.95
移位	0.95
移动硬盘	0.95
宜人	0.95
依稀可见	0.95
衣物	0.95
一致性	0.95
一至	0.95
一战	0.95
一展风采	0.95
一笑了之	0.95
一望无垠	0.95
一往	0.95
一气之下	0.95
一旁	0.95
一拍即合	0.95
一模	0.95
一马当先	0.95
一觉	0.95
一己	0.95
一幅	0.95
一番滋味	0.95
一睹	0.95
一动	0.95
一大家子	0.95
一步之遥	0.95
一不留神	0.95
一逼	0.95
液态	0.95
液力	0.95
夜行	0.95
夜帝	0.95
业余生活	0.95
业余	0.95
业内外	0.95
野外	0.95
野蛮	0.95
也别	0.95
爷爷奶奶	0.95
耀司	0.95
要靠	0.95
要放	0.95
要定	0.95
要不是	0.95
遥遥领先	0.95
摇摆不定	0.95
摇摆	0.95
谣言	0.95
垚	0.95
侥幸	0.95
腰酸背痛	0.95
腰板	0.95
样样	0.95
养能	0.95
洋气	0.95
羊老湿	0.95
央视	0.95
验收	0.95
验	0.95
艳羡	0.95
艳惊	0.95
厌倦	0.95
厌	0.95
眼镜盒	0.95
眼角	0.95
眼尖	0.95
颜有智	0.95
严肃	0.95
严峻	0.95
严寒	0.95
延展	0.95
延时	0.95
延安路	0.95
烟火	0.95
亚运会	0.95
亚太地区	0.95
亚卡雷伊	0.95
亚	0.95
牙齿	0.95
鸭尾式	0.95
压轴	0.95
迅捷	0.95
循迹	0.95
血脉	0.95
雪亮	0.95
学学	0.95
眩目	0.95
绚丽多彩	0.95
炫银	0.95
炫光	0.95
选择性	0.95
宣传语	0.95
徐威	0.95
需轻	0.95
虚	0.95
秀气	0.95
羞红	0.95
修饰	0.95
修缮	0.95
修理店	0.95
修行	0.95
雄心	0.95
雄浑	0.95
雄霸	0.95
性子	0.95
性情	0.95
性会	0.95
幸好	0.95
兴建	0.95
形格	0.95
星球	0.95
信誉度	0.95
信息系统	0.95
信息网	0.95
信息量	0.95
信口雌黄	0.95
信得过	0.95
信诚	0.95
新鲜血液	0.95
新体验	0.95
新桑	0.95
新铺	0.95
新面孔	0.95
新朗	0.95
新华网	0.95
新花样	0.95
新潮流	0.95
新兵	0.95
心中有数	0.95
心情愉快	0.95
心满意足	0.95
心结	0.95
心怀	0.95
写手	0.95
协作	0.95
效用	0.95
笑傲	0.95
小桌	0.95
小转弯	0.95
小意思	0.95
小夜灯	0.95
小窝	0.95
小手	0.95
小试	0.95
小翘	0.95
小牛皮	0.95
小苗	0.95
小面包	0.95
小麦	0.95
小旅行车	0.95
小雷雷	0.95
小康生活	0.95
小家碧玉	0.95
小红	0.95
小孩子	0.95
小幅	0.95
小而精	0.95
小道	0.95
小城	0.95
小车子	0.95
小飚	0.95
小标题	0.95
小保	0.95
小宝贝	0.95
小白狼	0.95
小白安	0.95
小爱	0.95
潇洒走	0.95
潇洒	0.95
销往	0.95
销售价格	0.95
销孔	0.95
销百	0.95
消耗量	0.95
橡皮	0.95
像有	0.95
想象力	0.95
想入非非	0.95
想念	0.95
想来想去	0.95
想拉货	0.95
响当当	0.95
享家	0.95
相信群众	0.95
相提并论	0.95
相交	0.95
相互配合	0.95
乡巴佬	0.95
限于	0.95
现实感	0.95
显现	0.95
显身	0.95
显好	0.95
闲适	0.95
鲜有	0.95
鲜明对比	0.95
鲜活	0.95
纤细	0.95
先于	0.95
先入为主	0.95
先来后到	0.95
先端	0.95
夏季	0.95
下移	0.95
下沿	0.95
下陷	0.95
下所	0.95
下水	0.95
下坡	0.95
下列	0.95
下靠	0.95
下功夫	0.95
下唇	0.95
下车时	0.95
狭长的	0.95
细心地	0.95
系统优化	0.95
系统集成	0.95
系统化	0.95
系统部	0.95
系份	0.95
喜于	0.95
喜新厌旧	0.95
喜马拉雅山脉	0.95
喜马拉雅	0.95
溪	0.95
稀少	0.95
希	0.95
吸引住	0.95
吸眼	0.95
吸人	0.95
西塘	0.95
西山	0.95
西米亚	0.95
西服	0.95
误伤	0.95
误打	0.95
物板	0.95
武义	0.95
午间	0.95
五脏俱全	0.95
五月	0.95
五粮液	0.95
五颗星	0.95
无形之中	0.95
无暇	0.95
无微不至	0.95
无私	0.95
无人能敌	0.95
无人不知	0.95
无人不晓	0.95
无路可走	0.95
无愧	0.95
无拘无束	0.95
无悔	0.95
无法比拟	0.95
无处不在	0.95
无偿	0.95
诬蔑	0.95
邬家	0.95
卧车	0.95
我省	0.95
窝窝	0.95
窝火	0.95
问应	0.95
问价	0.95
稳中有升	0.95
稳握	0.95
稳定杆	0.95
吻	0.95
闻名	0.95
纹路	0.95
温和	0.95
温	0.95
未成年人	0.95
未曾	0.95
卫星	0.95
伪谍	0.95
帷幕	0.95
唯一标准	0.95
唯你	0.95
围过来	0.95
微涨	0.95
微增	0.95
微笑	0.95
威武雄壮	0.95
威锋	0.95
網罩	0.95
往下	0.95
往上	0.95
网状结构	0.95
网吧	0.95
王可	0.95
晚一点	0.95
晚归	0.95
晚风	0.95
宛若	0.95
玩笑话	0.95
玩笑	0.95
完照	0.95
完事	0.95
完实	0.95
完败	0.95
弯有	0.95
外衣	0.95
外饰	0.95
外露	0.95
外号	0.95
外官	0.95
外关	0.95
外侧	0.95
挖出来	0.95
椭圆形	0.95
脱开	0.95
脱缰	0.95
拖车	0.95
臀部	0.95
褪去	0.95
退步	0.95
腿脚	0.95
推崇	0.95
推迟	0.95
土堆	0.95
途途	0.95
图像	0.95
突如其来	0.95
突降	0.95
凸起来	0.95
透下来	0.95
头一回	0.95
头衔	0.95
头头是道	0.95
头尚	0.95
头号	0.95
头等大事	0.95
头筹	0.95
头把交椅	0.95
偷车贼	0.95
统计数据	0.95
统合	0.95
同种	0.95
同感	0.95
同步电机	0.95
通用性	0.95
通晓	0.95
通俗	0.95
通力	0.95
挺直	0.95
挺长	0.95
挺好用	0.95
挺好	0.95
挺定	0.95
停住	0.95
停滞	0.95
停停	0.95
停入	0.95
停不下来	0.95
听话	0.95
铁人三项	0.95
铁的事实	0.95
贴止	0.95
调至	0.95
调戏	0.95
条相	0.95
条上	0.95
挑出	0.95
田宅	0.95
田径	0.95
天眼	0.95
天梯	0.95
天壤之别	0.95
天气炎热	0.95
天幕	0.95
天花	0.95
替代者	0.95
剃须刀	0.95
体育赛事	0.95
体型	0.95
体健	0.95
体感	0.95
提前完成	0.95
提亮	0.95
提炼出	0.95
提价	0.95
提回来	0.95
提拱	0.95
提防	0.95
腾不	0.95
特设	0.95
特低	0.95
讨好	0.95
躺椅	0.95
探知	0.95
坦然	0.95
坦白	0.95
谈拢	0.95
谈恋爱	0.95
泰晤士报	0.95
泰然自若	0.95
太深	0.95
太亲民	0.95
太久	0.95
太好了	0.95
太过分	0.95
太富奢	0.95
台面	0.95
胎面	0.95
踏步	0.95
它的	0.95
他俩	0.95
锁孔	0.95
所致	0.95
所至	0.95
所知	0.95
所在区域	0.95
所向披靡	0.95
所取	0.95
所给	0.95
所到之处	0.95
随要	0.95
随速	0.95
随叫随到	0.95
随处可见	0.95
虽则	0.95
塑造出	0.95
塑形	0.95
速配	0.95
俗气	0.95
苏州地区	0.95
苏雨	0.95
送赞	0.95
送入	0.95
耸动	0.95
怂	0.95
松散	0.95
伺服	0.95
四叶草	0.95
四位一体	0.95
四驱三	0.95
四驱会	0.95
四连冠	0.95
四件	0.95
四缸机	0.95
死穴	0.95
死皮赖脸	0.95
死角	0.95
私密性	0.95
丝绒	0.95
说用	0.95
说日系好	0.95
说够	0.95
说不出来	0.95
瞬息	0.95
顺应时代	0.95
税率	0.95
水灾	0.95
水性	0.95
水洼	0.95
水冷	0.95
水果	0.95
水分	0.95
水槽	0.95
爽歪歪	0.95
爽朗	0.95
霜	0.95
双音	0.95
双温区	0.95
双尾	0.95
双曲面	0.95
双气	0.95
双破	0.95
双路	0.95
双高	0.95
双丰收	0.95
帅帅	0.95
甩掉	0.95
数字式	0.95
熟面孔	0.95
熟料	0.95
舒爽	0.95
舒畅	0.95
梳理	0.95
殊荣	0.95
抒发	0.95
书籍	0.95
瘦型	0.95
售罄	0.95
授业解惑	0.95
受压迫	0.95
受限	0.95
受力	0.95
受到好评	0.95
首长	0.95
首屈一指	0.95
首脑	0.95
首尔	0.95
守护神	0.95
手肘	0.95
手摇	0.95
手握	0.95
手机链	0.95
手工制造	0.95
手电筒	0.95
收纳盒	0.95
收放	0.95
适应性	0.95
适应能力	0.95
视距	0.95
视界	0.95
视感	0.95
试探	0.95
试试看	0.95
试了试	0.95
试金石	0.95
试过	0.95
事隔多年	0.95
势驭领	0.95
势如破竹	0.95
势能	0.95
世爵	0.95
示弱	0.95
示范店	0.95
驶入	0.95
驶近	0.95
驶进	0.95
始终不变	0.95
使握	0.95
食物	0.95
食品	0.95
实至名归	0.95
实战	0.95
实用功能	0.95
实务	0.95
实为	0.95
实跑	0.95
实乃	0.95
实话实说	0.95
时有发生	0.95
时日	0.95
时髦	0.95
时间段	0.95
时间表	0.95
时光荏苒	0.95
时订	0.95
时代性	0.95
时侧	0.95
时不我待	0.95
石嘴山	0.95
石路	0.95
石河子	0.95
十字星	0.95
十字路口	0.95
十强	0.95
十来天	0.95
十来次	0.95
湿漉漉	0.95
湿地	0.95
师从	0.95
失色	0.95
盛名	0.95
盛传	0.95
盛	0.95
圣象	0.95
圣火	0.95
圣保罗州	0.95
省字	0.95
省事	0.95
省力	0.95
省得	0.95
声学	0.95
声名在外	0.95
声量	0.95
声光报警	0.95
生性	0.95
生拉	0.95
升职	0.95
升温快	0.95
甚至于	0.95
甚少	0.95
审美观念	0.95
神往	0.95
神清气爽	0.95
神迹	0.95
神魂颠倒	0.95
神笔	0.95
深下	0.95
深得人心	0.95
深谙此道	0.95
深爱	0.95
身子	0.95
身躯	0.95
身量	0.95
身段	0.95
伸不开	0.95
摄像	0.95
社区化	0.95
设为	0.95
蛇	0.95
奢享	0.95
奢品	0.95
奢	0.95
邵景峰	0.95
尚人	0.95
尚可	0.95
上装	0.95
上周五	0.95
上以	0.95
上学时	0.95
上新	0.95
上下车	0.95
上贴	0.95
上天	0.95
上市公司	0.95
上深	0.95
上能	0.95
上交	0.95
上会	0.95
上共	0.95
上格	0.95
上高	0.95
上翻	0.95
上得	0.95
上档	0.95
上才	0.95
上拨	0.95
商务人士	0.95
商界	0.95
伤神	0.95
伤脑筋	0.95
善良	0.95
山林	0.95
山大	0.95
山本	0.95
晒黑	0.95
煞风景	0.95
沙金	0.95
扫除	0.95
桑拿房	0.95
散热	0.95
散发出	0.95
三连冠	0.95
三脚架	0.95
三剑客	0.95
三甲	0.95
三级跳	0.95
塞塞	0.95
塞纳	0.95
睿智	0.95
锐增	0.95
软装	0.95
软磨硬泡	0.95
入眼	0.95
入迷	0.95
入库	0.95
入藏	0.95
如在	0.95
如其人	0.95
如雷贯耳	0.95
如此	0.95
如初	0.95
肉牛	0.95
肉感	0.95
糅合	0.95
柔性化	0.95
冗余	0.95
熔焊	0.95
容不下	0.95
荣誉奖	0.95
荣登	0.95
日益增长	0.95
日夜	0.95
日系要	0.95
日刊	0.95
日久生情	0.95
韧度	0.95
任劳任怨	0.95
任的	0.95
任车	0.95
认同度	0.95
认不出来	0.95
认不出	0.95
人座	0.95
人为	0.95
人体工学	0.95
人机工程	0.95
人工合成	0.95
人格	0.95
人大	0.95
热源	0.95
热能	0.95
惹	0.95
扰人	0.95
扰流	0.95
染料	0.95
燃料箱	0.95
燃爆	0.95
群雄割据	0.95
群雄	0.95
确	0.95
雀跃	0.95
缺氧	0.95
缺钱	0.95
泉水	0.95
全球通	0.95
全配	0.95
全能性	0.95
全力支持	0.95
全副武装	0.95
圈子里	0.95
圈贴	0.95
圈内	0.95
去年底	0.95
取胜	0.95
取决于	0.95
取放	0.95
取到	0.95
取出	0.95
曲折	0.95
曲筱绡	0.95
曲目	0.95
趋向	0.95
驱组	0.95
驱与	0.95
驱有	0.95
请来	0.95
情人眼里出西施	0.95
情理	0.95
情定	0.95
清晰性	0.95
清晰明确	0.95
清漆	0.95
清凉	0.95
倾幕者	0.95
轻柔	0.95
轻拨	0.95
青蛙	0.95
青菜萝卜	0.95
青	0.95
勤奋工作	0.95
亲眼	0.95
亲兄弟	0.95
亲民派	0.95
亲妈	0.95
亲历	0.95
切入点	0.95
巧手	0.95
桥车	0.95
跷	0.95
强光	0.95
前用	0.95
前沿技术	0.95
前所未见	0.95
前十德	0.95
前茅	0.95
前款	0.95
前后左右	0.95
前车之鉴	0.95
前半段	0.95
谦和	0.95
牵动	0.95
迁就	0.95
千难万险	0.95
千家万户	0.95
千锤百炼	0.95
恰	0.95
器具	0.95
汽油车	0.95
汽配	0.95
迄今	0.95
气宇轩昂	0.95
气压	0.95
气孔	0.95
气概	0.95
气儿	0.95
气度	0.95
起停	0.95
起始	0.95
起驾	0.95
启速	0.95
启车	0.95
企及	0.95
旗云	0.95
其所	0.95
其二	0.95
齐兴涛	0.95
齐平	0.95
漆软	0.95
期待值	0.95
七月份	0.95
七夕节	0.95
瀑布	0.95
谱写	0.95
普及化	0.95
普店	0.95
普埃布拉	0.95
普	0.95
铺路	0.95
铺垫	0.95
扑	0.95
剖析	0.95
破风	0.95
破车	0.95
颇佳	0.95
颇丰	0.95
瓶装	0.95
屏霸	0.95
评奖	0.95
评鉴	0.95
平稳性	0.95
平托	0.95
平竖直	0.95
平民化	0.95
平行四边形	0.95
平放	0.95
品尚	0.95
品均	0.95
品尝	0.95
频率	0.95
拼贴	0.95
拼杀	0.95
撇撇嘴	0.95
票据	0.95
漂浮	0.95
篇章	0.95
偏心	0.95
偏低	0.95
啤酒	0.95
疲惫	0.95
皮子	0.95
坯子	0.95
批售	0.95
碰碰	0.95
碰擦	0.95
硼钢	0.95
蓬江区	0.95
蓬勃发展	0.95
蓬勃	0.95
喷张	0.95
喷油量	0.95
喷涌	0.95
喷发	0.95
配合默契	0.95
配贵	0.95
配高	0.95
培育	0.95
陪同	0.95
泡温泉	0.95
泡棉	0.95
跑范	0.95
盘算着	0.95
盘踞	0.95
盘鼓	0.95
排头兵	0.95
排前	0.95
排掉	0.95
拍板	0.95
欧范儿	0.95
女主播	0.95
挪车	0.95
弄湿	0.95
浓雾	0.95
浓浓的	0.95
农	0.95
拗不过	0.95
钮	0.95
扭曲	0.95
扭捏作态	0.95
牛角	0.95
妞	0.95
鸟枪换炮	0.95
鸟叫	0.95
念念不忘	0.95
念旧	0.95
年数	0.95
年轻漂亮	0.95
年末	0.95
年龄层	0.95
逆势上涨	0.95
逆市	0.95
逆变器	0.95
拟态	0.95
能强	0.95
能落	0.95
内装	0.95
内小外大	0.95
内销	0.95
内向	0.95
内柔	0.95
内腔	0.95
内部结构	0.95
囊中羞涩	0.95
囊	0.95
难寻	0.95
难事	0.95
难分伯仲	0.95
难定	0.95
难倒	0.95
南洋	0.95
南美洲	0.95
南美	0.95
男星	0.95
男女	0.95
耐造	0.95
耐久	0.95
耐腐蚀性	0.95
纳闷	0.95
那一	0.95
那股	0.95
那根	0.95
哪一点	0.95
拿捏	0.95
目标群体	0.95
木头	0.95
木床	0.95
木材	0.95
某种	0.95
默默耕耘	0.95
莫扎特	0.95
莫名其妙	0.95
魔咒	0.95
磨太	0.95
摩拳擦掌	0.95
摩羯座	0.95
模内	0.95
摸熟	0.95
摸清	0.95
冥冥之中	0.95
明维保	0.95
明戈	0.95
明白人	0.95
明暗	0.95
名贯	0.95
名符其实	0.95
敏感度	0.95
民营企业	0.95
民办大学	0.95
瞄	0.95
苗条	0.95
面面俱到	0.95
面貌	0.95
免费送	0.95
免不了	0.95
棉袄	0.95
绵绵不绝	0.95
密密麻麻	0.95
麋鹿	0.95
迷惑	0.95
猛兽	0.95
猛降	0.95
猛货	0.95
猛地	0.95
猛冲	0.95
蒙	0.95
闷骚	0.95
门下	0.95
门框	0.95
魅影	0.95
魅力十足	0.95
美总	0.95
美滋滋	0.95
美誉	0.95
美音	0.95
美艳	0.95
美味	0.95
美如画	0.95
美轮美奂	0.95
美剧	0.95
每时每刻	0.95
每段	0.95
眉式	0.95
没锁	0.95
没舍得	0.95
没让	0.95
没理由	0.95
没管	0.95
没道理	0.95
沒有	0.95
貌	0.95
冒头	0.95
猫头鹰	0.95
蔓延	0.95
满足用户	0.95
满心	0.95
蛮好	0.95
卖座	0.95
卖到	0.95
迈入	0.95
买对	0.95
买大	0.95
霾	0.95
码字	0.95
马云	0.95
麻雀虽小	0.95
麻利	0.95
妈用	0.95
略轻	0.95
略懂	0.95
略低	0.95
滤清	0.95
绿林	0.95
率好	0.95
螺旋弹簧	0.95
轮流	0.95
轮到	0.95
伦斯	0.95
乱石	0.95
乱动	0.95
路噪和风噪	0.95
路途遥远	0.95
路途	0.95
路人皆知	0.95
路卡	0.95
镂空	0.95
笼络	0.95
龙珠	0.95
龙头老大	0.95
龙凤	0.95
遛弯	0.95
流通	0.95
流淌	0.95
流速	0.95
流苏	0.95
流连忘返	0.95
流利	0.95
流光溢彩	0.95
留学生	0.95
浏览	0.95
刘娅	0.95
刘女士	0.95
刘皇叔	0.95
溜走	0.95
令人生厌	0.95
另类	0.95
领先地位	0.95
领军	0.95
零碎	0.95
聆风	0.95
灵便	0.95
吝啬	0.95
淋喷	0.95
淋漓	0.95
林立	0.95
林间小道	0.95
猎弓	0.95
列装	0.95
列表	0.95
晾衣绳	0.95
亮堂堂	0.95
亮堂	0.95
两相宜	0.95
两全其美	0.95
两驱	0.95
两秒钟	0.95
凉意	0.95
凉快	0.95
良性	0.95
良好印象	0.95
恋人们	0.95
恋情	0.95
恋恋不舍	0.95
脸中	0.95
脸下	0.95
脸帅	0.95
脸面	0.95
脸颊	0.95
廉颇	0.95
联席会	0.95
连贯	0.95
连个	0.95
连杆式	0.95
连成	0.95
连超	0.95
利辛	0.95
利落	0.95
立足	0.95
立体主义	0.95
立体音响	0.95
立场	0.95
历史悠久	0.95
历史纪录	0.95
历久弥新	0.95
力战	0.95
力强	0.95
力荐	0.95
理直气壮	0.95
理所应当	0.95
理工科	0.95
李正伟	0.95
愣	0.95
冷艳	0.95
冷却	0.95
冷酷	0.95
冷藏	0.95
泪滴	0.95
了像	0.95
了为	0.95
了停	0.95
了如指掌	0.95
了然	0.95
了力	0.95
了酷	0.95
了进	0.95
了法	0.95
了白	0.95
乐章	0.95
乐趣横生	0.95
乐歌	0.95
老丈人	0.95
老一代	0.95
老檀	0.95
老桑	0.95
老人家	0.95
老派	0.95
老李	0.95
老九	0.95
老伙计	0.95
老高	0.95
老道	0.95
老表	0.95
老版	0.95
浪漫气息	0.95
浪得虚名	0.95
廊柱	0.95
烂泥	0.95
烂的	0.95
懒人	0.95
懒懒散散	0.95
懒车	0.95
蓝皮书	0.95
蓝鲸	0.95
蓝白	0.95
睐	0.95
莱比锡	0.95
来刷楼	0.95
来器	0.95
来来往往	0.95
来来回回	0.95
来块	0.95
来访	0.95
蜡层	0.95
喇叭声	0.95
拉手	0.95
拉买	0.95
拉近	0.95
拉高	0.95
拉动	0.95
扩张力	0.95
扩展槽	0.95
扩建	0.95
困乏	0.95
奎哥	0.95
狂吸粉	0.95
狂风	0.95
狂奔	0.95
款家	0.95
款加	0.95
宽胎	0.95
宽适	0.95
宽宽松松	0.95
宽宽的	0.95
宽宽	0.95
宽绰	0.95
快意	0.95
快速增长	0.95
快而	0.95
跨跃	0.95
跨过	0.95
夸赞	0.95
夸大其词	0.95
酷夏	0.95
酷热	0.95
酷毙了	0.95
扣子	0.95
口人	0.95
控制技术	0.95
控温	0.95
空转	0.95
空运	0.95
空心	0.95
空气阻力	0.95
空气清新	0.95
空空	0.95
空间数据	0.95
空间感	0.95
客休区	0.95
刻画	0.95
刻度	0.95
刻板	0.95
克服	0.95
可至	0.95
可有	0.95
可要	0.95
可喜可贺	0.95
可喜	0.95
可玩性	0.95
可耻	0.95
可持续性	0.95
壳体	0.95
磕碰	0.95
颗粒物	0.95
科研	0.95
科幻	0.95
靠到	0.95
抗震	0.95
抗腐蚀	0.95
抗冲击	0.95
慷慨大方	0.95
慷慨	0.95
看路	0.95
看得出来	0.95
看得出	0.95
坎爆	0.95
开支	0.95
开越	0.95
开扬	0.95
开销	0.95
开天辟地	0.95
开瓶	0.95
开门红	0.95
开口处	0.95
开开心心	0.95
开合	0.95
开馆	0.95
开创性	0.95
开船	0.95
卡位	0.95
卡丁车	0.95
卡错	0.95
卡槽	0.95
咖啡	0.95
隽永	0.95
峻岭	0.95
峻	0.95
俊俏	0.95
俊良朗	0.95
菌	0.95
君子	0.95
绝配	0.95
绝技	0.95
绝非	0.95
决胜	0.95
决定权	0.95
俱往	0.95
俱佳	0.95
俱	0.95
具有活力	0.95
具强	0.95
具高	0.95
巨重	0.95
巨无霸	0.95
巨能	0.95
巨量	0.95
举例来说	0.95
居住	0.95
居高临下	0.95
就是指	0.95
就近	0.95
就定	0.95
救世主	0.95
久远	0.95
久居	0.95
久经沙场	0.95
久经	0.95
久负盛名	0.95
九变	0.95
镜片	0.95
镜面	0.95
境内	0.95
静展	0.95
静看	0.95
静静的	0.95
敬重	0.95
敬畏	0.95
净深	0.95
警界	0.95
警报灯	0.95
景观	0.95
井然有序	0.95
精微	0.95
精神领袖	0.95
精美绝伦	0.95
精耕细作	0.95
兢兢业业	0.95
晶棱	0.95
晶间腐蚀	0.95
惊喜不已	0.95
惊呼	0.95
菁英	0.95
经济体	0.95
经不住	0.95
京都	0.95
晋升	0.95
劲能	0.95
近似	0.95
进门	0.95
进灰	0.95
进化版	0.95
进攻性	0.95
尽在不言中	0.95
尽心尽力	0.95
尽收	0.95
尽可能减少	0.95
紧贴	0.95
仅用	0.95
仅微	0.95
金翼	0.95
金属外壳	0.95
金仕达	0.95
金钱	0.95
金卡	0.95
金奖	0.95
金光	0.95
金达康	0.95
界级	0.95
解解馋	0.95
解	0.95
结了婚	0.95
节燃动	0.95
节能型	0.95
节能降耗	0.95
街知巷闻	0.95
街坊邻居	0.95
接连不断	0.95
接待客人	0.95
阶梯	0.95
较窄	0.95
较硬	0.95
较小	0.95
较佳	0.95
较暗	0.95
觉察出	0.95
脚踢	0.95
脚底	0.95
脚背	0.95
绞尽脑汁	0.95
焦躁	0.95
交织	0.95
交椅	0.95
交上	0.95
交篇	0.95
交成	0.95
交叉	0.95
降低生产	0.95
降不	0.95
匠艺	0.95
将前	0.95
将后	0.95
江西省	0.95
键入	0.95
渐暗	0.95
建设性	0.95
建功	0.95
建店	0.95
见证者	0.95
简约型	0.95
简图	0.95
简明	0.95
简便	0.95
减缓	0.95
检索	0.95
检核	0.95
监视	0.95
间好	0.95
坚实基础	0.95
尖端技术	0.95
驾御	0.95
驾控性	0.95
驾回来	0.95
驾别	0.95
价约	0.95
价格不菲	0.95
夹起来	0.95
夹层玻璃	0.95
家住	0.95
家喻户晓	0.95
家庭出身	0.95
家庭版	0.95
家访	0.95
佳作	0.95
加长车	0.95
加强型	0.95
加强版	0.95
加量	0.95
加减	0.95
既然如此	0.95
季风	0.95
季度	0.95
技压群雄	0.95
技术性	0.95
技术水准	0.95
技术革新	0.95
技高一筹	0.95
记忆犹新	0.95
挤挤	0.95
几近	0.95
集于	0.95
疾	0.95
即便如此	0.95
极尽	0.95
汲取	0.95
吉川	0.95
吉安	0.95
及外	0.95
积攒	0.95
积雪	0.95
积木	0.95
积极参与	0.95
积淀	0.95
鸡西	0.95
机械性能	0.95
机是	0.95
机能	0.95
击剑队	0.95
击	0.95
获誉	0.95
火车站	0.95
活着	0.95
活性炭	0.95
活塞	0.95
活蹦乱跳	0.95
浑浊	0.95
昏暗	0.95
会场	0.95
汇成	0.95
回退	0.95
回国	0.95
回归自然	0.95
徽章	0.95
麾下	0.95
辉映	0.95
辉彩	0.95
挥发	0.95
灰黑色	0.95
灰黑	0.95
灰白色	0.95
恍惚	0.95
簧	0.95
黄石市	0.95
黄龙	0.95
焕新之作	0.95
焕然	0.95
唤醒	0.95
缓和	0.95
环球	0.95
欢喜	0.95
怀孕	0.95
怀档	0.95
怀抱	0.95
话语权	0.95
化妆	0.95
化整为零	0.95
化身为	0.95
化身	0.95
化名	0.95
滑移	0.95
滑轨	0.95
滑动	0.95
滑擦	0.95
华中	0.95
华美	0.95
华东	0.95
划入	0.95
花样滑冰	0.95
花心思	0.95
护套	0.95
护	0.95
互不	0.95
虎头虎脑	0.95
胡须	0.95
弧线	0.95
呼唤	0.95
候选	0.95
厚积薄发	0.95
后月	0.95
后箱	0.95
后厢	0.95
后配	0.95
后浪	0.95
后来居上	0.95
后感	0.95
后窗玻璃	0.95
后半段	0.95
鸿达	0.95
洪	0.95
红艳艳	0.95
红外	0.95
红烧	0.95
红黑	0.95
红光	0.95
红点	0.95
红带子	0.95
烘托	0.95
轰鸣	0.95
横饰	0.95
横绳	0.95
横贯	0.95
横滨	0.95
恒定	0.95
恨不得	0.95
很直	0.95
很累	0.95
很挤	0.95
很火	0.95
很厚	0.95
很不多	0.95
很扁	0.95
黑色金属	0.95
黑胖	0.95
黑化	0.95
黑海	0.95
黑白照片	0.95
黑暗	0.95
褐	0.95
赫赫有名	0.95
和五辐	0.95
和四驱	0.95
和七速	0.95
何等	0.95
何车	0.95
何尝	0.95
何必	0.95
合影留念	0.95
合禧	0.95
合理布局	0.95
合口味	0.95
合伙人	0.95
耗资	0.95
耗电量	0.95
号订	0.95
好意	0.95
好养	0.95
好酷	0.95
好家伙	0.95
好家	0.95
好话	0.95
好的开始	0.95
好帮手	0.95
好伴侣	0.95
壕	0.95
豪强	0.95
豪气	0.95
毫无道理	0.95
毫发	0.95
毫不掩饰	0.95
毫不含糊	0.95
行旅	0.95
行经	0.95
行进	0.95
行馆	0.95
瀚德	0.95
焊缝	0.95
罕有	0.95
罕	0.95
含蓄	0.95
含量	0.95
酣畅淋漓	0.95
海豚	0.95
海涵	0.95
还长	0.95
哈喇子	0.95
过速	0.95
过目不忘	0.95
过队	0.95
过不去	0.95
国家专利	0.95
国际标准	0.95
国际奥委会	0.95
国产化率	0.95
规程	0.95
归于	0.95
归入	0.95
归结	0.95
广为	0.95
广发	0.95
光泽	0.95
光晕	0.95
光与影	0.95
光于	0.95
光型	0.95
光束	0.95
光圈	0.95
光光	0.95
光大	0.95
惯用	0.95
冠亚军	0.95
冠王	0.95
管中窥豹	0.95
管理器	0.95
观赏性	0.95
观光	0.95
观测	0.95
关注点	0.95
关键在于	0.95
关键所在	0.95
关键部位	0.95
关乎	0.95
拐角	0.95
挂进	0.95
挂不上	0.95
顾雯雯	0.95
鼓鼓	0.95
孤军奋战	0.95
估算	0.95
估摸	0.95
估	0.95
够意思	0.95
够快	0.95
购车人	0.95
构筑	0.95
狗男女	0.95
沟坎	0.95
沟沟坎坎	0.95
勾魂	0.95
勾当	0.95
供电	0.95
贡献者	0.95
共同努力	0.95
拱桥	0.95
恭喜	0.95
攻占	0.95
攻防兼备	0.95
功能齐全	0.95
功率密度	0.95
公司业绩	0.95
公路赛	0.95
工作效率	0.95
工作频率	0.95
工艺流程	0.95
工件	0.95
工夫	0.95
工程技术	0.95
更优	0.95
更稳	0.95
更是如此	0.95
更上一层楼	0.95
跟法	0.95
根源	0.95
给足	0.95
给定	0.95
各有所长	0.95
各有所好	0.95
各人	0.95
各轮	0.95
各个环节	0.95
个音	0.95
个团	0.95
个人空间	0.95
隔断	0.95
格力电器	0.95
格力	0.95
格里	0.95
高转	0.95
高涨	0.95
高圆圆	0.95
高压电	0.95
高新区	0.95
高速运行	0.95
高速性	0.95
高密市	0.95
高灵敏	0.95
高丽	0.95
高科技产品	0.95
高居	0.95
高架	0.95
高技术	0.95
高附加值	0.95
高尔夫球	0.95
高度重视	0.95
高度赞扬	0.95
高地	0.95
高大威武	0.95
高达力	0.95
高处	0.95
杠五	0.95
缸数	0.95
钢度	0.95
刚下	0.95
赣	0.95
干预	0.95
干涩	0.95
感应器	0.95
感同身受	0.95
感让	0.95
感去	0.95
感情	0.95
敢于	0.95
敢为人先	0.95
赶时髦	0.95
杆杠	0.95
改写	0.95
改头	0.95
该用	0.95
旮旯	0.95
富余	0.95
富士	0.95
富富有余	0.95
复苏	0.95
负担得起	0.95
付清	0.95
父老	0.95
腐蚀	0.95
俯视	0.95
辐	0.95
符合国情	0.95
浮动	0.95
服字	0.95
服务	0.95
服饰	0.95
拂去	0.95
伏天	0.95
弗拉	0.95
否掉	0.95
奉为	0.95
蜂鸣	0.95
锋利	0.95
疯子	0.95
风姿	0.95
风躁	0.95
风燥胎	0.95
风味	0.95
风流人物	0.95
风火轮	0.95
风刀	0.95
风驰电掣	0.95
丰富性	0.95
奋斗史	0.95
份提	0.95
分站赛	0.95
分析师	0.95
分数	0.95
分散	0.95
分离	0.95
分界	0.95
分获	0.95
分工	0.95
分割线	0.95
费者	0.95
费心	0.95
费时	0.95
费劲儿	0.95
肥肥的	0.95
非正常	0.95
非常少	0.95
飞去	0.95
飞街	0.95
放着	0.95
放随	0.95
放暑假	0.95
仿木	0.95
房间	0.95
防锈	0.95
防线	0.95
防卫	0.95
防水	0.95
防石	0.95
防护系统	0.95
防尘	0.95
防爆膜	0.95
芳泽	0.95
方向感	0.95
方头	0.95
方口	0.95
方方面面	0.95
范冰冰	0.95
饭量	0.95
反其道而行之	0.95
反厂	0.95
反比	0.95
烦躁	0.95
烦请	0.95
翻身	0.95
翻山越岭	0.95
翻过来	0.95
翻过	0.95
法眼	0.95
法兰西	0.95
发扬光大	0.95
发图	0.95
发送机	0.95
发涩	0.95
发飘	0.95
发亮	0.95
发挥作用	0.95
发沉	0.95
尔巴	0.95
峨山	0.95
躲过一劫	0.95
躲避	0.95
多用户	0.95
多级	0.95
多功能性	0.95
多变性	0.95
断货	0.95
短小精悍	0.95
短尾	0.95
短途旅行	0.95
短程	0.95
端口	0.95
渡客	0.95
度外	0.95
度过	0.95
杜绝	0.95
读心术	0.95
读出	0.95
独占鳌头	0.95
独占	0.95
独树一帜	0.95
独领风骚	0.95
独具匠心	0.95
独到之处	0.95
独白	0.95
斗士	0.95
斗不过	0.95
抖擞	0.95
兜兜	0.95
冻人	0.95
动则	0.95
动态平衡	0.95
动若脱兔	0.95
动控	0.95
动工	0.95
东风标志	0.95
东安	0.95
丢掉	0.95
订下	0.95
鼎立	0.95
顶上去	0.95
顶多	0.95
顶端	0.95
叮咛	0.95
掉以轻心	0.95
钓友	0.95
钓箱	0.95
钓具	0.95
吊架	0.95
电子线路	0.95
电子化	0.95
电折	0.95
电源接口	0.95
电液	0.95
电视转播	0.95
电视信号	0.95
电器设备	0.95
电光	0.95
点状	0.95
点赞	0.95
点名	0.95
点睛之笔	0.95
点睛	0.95
点动	0.95
点滴	0.95
点刹	0.95
巅	0.95
第三季度	0.95
递进	0.95
地向	0.95
地摊	0.95
地台	0.95
地力	0.95
地库	0.95
地感	0.95
地标	0.95
底点	0.95
底灯	0.95
抵达	0.95
敌手	0.95
迪安	0.95
滴血	0.95
滴水穿石	0.95
低阻	0.95
低噪音	0.95
低噪声	0.95
低能耗	0.95
低风	0.95
等奖项	0.95
等会儿	0.95
灯源	0.95
灯箱	0.95
灯饰	0.95
灯具	0.95
灯带	0.95
的往	0.95
的狠	0.95
的常	0.95
得装	0.95
得确	0.95
得亏	0.95
道别	0.95
到哪去	0.95
捯	0.95
倒好	0.95
导流	0.95
挡为	0.95
挡球	0.95
当仁不让	0.95
当当	0.95
当床	0.95
当兵	0.95
弹性	0.95
但一	0.95
但他却	0.95
但说	0.95
但光	0.95
耽误时间	0.95
单腿	0.95
单论	0.95
单辐式	0.95
单反	0.95
单店	0.95
单出	0.95
丹丹	0.95
带往	0.95
带式	0.95
带入	0.95
大洲	0.95
大中华	0.95
大中	0.95
大院	0.95
大用处	0.95
大勇	0.95
大些	0.95
大象	0.95
大容量	0.95
大热天	0.95
大片	0.95
大理	0.95
大类	0.95
大老婆	0.95
大浪淘沙	0.95
大奖赛	0.95
大功率	0.95
大幅度提高	0.95
大刀阔斧	0.95
大当家	0.95
大大降低	0.95
大大减少	0.95
大城市	0.95
大步	0.95
打平	0.95
打交道	0.95
打基础	0.95
打广告	0.95
打个比方	0.95
打成平手	0.95
打	0.95
搭车	0.95
错位	0.95
错峰	0.95
矬	0.95
撮	0.95
存有	0.95
存放	0.95
簇拥	0.95
粗略	0.95
粗粮	0.95
从中	0.95
从头至尾	0.95
从容应对	0.95
从仅	0.95
从根本上	0.95
从刚	0.95
从到	0.95
次胎	0.95
此消彼长	0.95
此生	0.95
此话	0.95
蠢笨	0.95
纯碎	0.95
春夏秋冬	0.95
春秋战国	0.95
春季	0.95
吹嘘	0.95
吹出来	0.95
创新能力	0.95
创史	0.95
创如	0.95
闯动	0.95
床垫	0.95
床	0.95
窗机	0.95
传统式	0.95
传入	0.95
传给	0.95
传道	0.95
揣着	0.95
处事	0.95
处世	0.95
楚楚动人	0.95
储物盒	0.95
储物柜	0.95
初学	0.95
初始	0.95
初识	0.95
初便	0.95
出征	0.95
出现意外	0.95
出味来	0.95
出位	0.95
出式	0.95
出神入化	0.95
出色完成	0.95
出人意料	0.95
出卖	0.95
出力	0.95
出类拔萃	0.95
出库	0.95
出尽	0.95
出撼	0.95
臭美	0.95
抽象	0.95
宠幸	0.95
充满活力	0.95
充分证明	0.95
充分运用	0.95
充分利用	0.95
充分发挥	0.95
充当	0.95
冲劲十足	0.95
冲劲儿	0.95
冲劲	0.95
冲出去	0.95
饬	0.95
持之以恒	0.95
持下	0.95
痴人说梦	0.95
吃得开	0.95
程咬金	0.95
程度较高	0.95
城郊	0.95
成长期	0.95
成全	0.95
成年	0.95
成名作	0.95
成功率	0.95
成单	0.95
成纯	0.95
撑杆	0.95
衬托出	0.95
尘埃落定	0.95
彻头彻尾	0.95
车站	0.95
车造	0.95
车载式	0.95
车影	0.95
车线	0.95
车尾灯	0.95
车头灯	0.95
车所	0.95
车说	0.95
车锐	0.95
车距	0.95
车高	0.95
车储	0.95
车程	0.95
车产	0.95
车侧	0.95
潮爸	0.95
朝思暮想	0.95
朝气	0.95
超赞	0.95
超越自我	0.95
超选	0.95
超像	0.95
超完	0.95
超群	0.95
超起	0.95
超控	0.95
超静	0.95
超劲	0.95
超额完成	0.95
倡导	0.95
场所	0.95
厂区	0.95
常有	0.95
常胜将军	0.95
产品组合	0.95
产品升级	0.95
产经	0.95
蝉联冠军	0.95
插座	0.95
测量	0.95
侧重	0.95
侧裙	0.95
侧后	0.95
侧边	0.95
艹	0.95
嘈杂	0.95
操作者	0.95
操纵性	0.95
藏品	0.95
燦	0.95
部队	0.95
不锈	0.95
不朽	0.95
不显	0.95
不惜成本	0.95
不惜	0.95
不往	0.95
不太可能	0.95
不算什么	0.95
不输给	0.95
不似	0.95
不群	0.95
不缺	0.95
不穷	0.95
不亲	0.95
不弃	0.95
不谋	0.95
不莽	0.95
不落俗套	0.95
不落窠臼	0.95
不了了之	0.95
不愧为	0.95
不可磨灭	0.95
不见踪影	0.95
不计成本	0.95
不羁	0.95
不合	0.95
不过如此	0.95
不够看	0.95
不改	0.95
不分胜负	0.95
不放过	0.95
不多见	0.95
不断完善	0.95
不堵车	0.95
不但如此	0.95
不吃	0.95
不查	0.95
不曾	0.95
捕捉	0.95
补助	0.95
补光	0.95
博得	0.95
铂金版	0.95
泊入	0.95
泊	0.95
伯仲之间	0.95
播放器	0.95
菠萝	0.95
波罗	0.95
波动	0.95
拨档	0.95
并于	0.95
并列	0.95
秉持	0.95
秉	0.95
冰雪	0.95
冰上	0.95
缤纷	0.95
宾士	0.95
别有洞天	0.95
别树一帜	0.95
别客	0.95
表上	0.95
表情	0.95
表盘	0.95
表来	0.95
飙了	0.95
飙到	0.95
标示	0.95
标齐	0.95
标记	0.95
标盖	0.95
标法	0.95
便成	0.95
变小	0.95
变迁	0.95
变矩器	0.95
变动	0.95
扁长	0.95
扁平化	0.95
扁口	0.95
编为	0.95
编编	0.95
避震器	0.95
避振	0.95
避祸	0.95
壁垒	0.95
毙	0.95
庇佑	0.95
必尽	0.95
必不可少	0.95
鄙人	0.95
彼时	0.95
比小卡	0.95
比来比去	0.95
比较稳定	0.95
比较简单	0.95
比高	0.95
比比	0.95
迸发出	0.95
本地化	0.95
被淹	0.95
被选为	0.95
倍增	0.95
背部	0.95
备	0.95
贝斯	0.95
北京火车站	0.95
北斗	0.95
悲惨世界	0.95
爆过	0.95
爆发式	0.95
暴露	0.95
抱满	0.95
报到	0.95
保有	0.95
保温	0.95
保护性	0.95
保护区	0.95
保护法	0.95
保持良好	0.95
宝刀不老	0.95
饱含	0.95
薄壁	0.95
褒扬	0.95
包小包	0.95
包边	0.95
傍晚	0.95
榜哥	0.95
帮到	0.95
半圆	0.95
半透明	0.95
半拍	0.95
半年度	0.95
办喜事	0.95
板材	0.95
搬运	0.95
搬到	0.95
败走麦城	0.95
摆设	0.95
摆平	0.95
摆过	0.95
百强	0.95
百看不厌	0.95
百恒	0.95
百变梦	0.95
白昼	0.95
白开水	0.95
把头	0.95
巴巴	0.95
奥组委	0.95
奥运冠军	0.95
奥斯卡	0.95
奥迪量产	0.95
傲人	0.95
鏖战	0.95
鳌头	0.95
凹凸	0.95
黯然	0.95
暗路	0.95
暗	0.95
按压	0.95
按摩室	0.95
鞍部	0.95
安逸	0.95
安奈	0.95
安驾	0.95
爱骑	0.95
爱家	0.95
爱答不理	0.95
艾潇	0.95
艾森	0.95
吖	0.95
Fashion	0.95
fashion	0.95
DREAM	0.95
dna	0.95
业务	0.94
究其原因	0.94
净利润	0.94
电吸门	0.94
打消	0.94
车友	0.94
不平	0.94
办事	0.94
区别	0.93
共	0.93
风	0.93
反映	0.93
大概	0.93
坐上去	0.92
总产量	0.92
资本	0.92
壮大	0.92
主销	0.92
主观	0.92
众所周知	0.92
直通	0.92
真车	0.92
真不少	0.92
这回	0.92
战袍	0.92
占有	0.92
增速	0.92
脏	0.92
赞赏	0.92
越是	0.92
约会	0.92
雨伞	0.92
有待	0.92
优	0.92
拥车	0.92
英致	0.92
一家老小	0.92
一度	0.92
腰部	0.92
亚洲	0.92
选来	0.92
信念	0.92
新一轮	0.92
小时候	0.92
小马拉	0.92
想起	0.92
下定	0.92
洗脑	0.92
膝部	0.92
吸睛	0.92
武装	0.92
五星级	0.92
无可厚非	0.92
无级	0.92
稳稳	0.92
文艺	0.92
温暖	0.92
网格	0.92
娃	0.92
透过	0.92
透	0.92
偷偷	0.92
体贴	0.92
提不起	0.92
套	0.92
随手	0.92
俗话说	0.92
思考	0.92
甩开	0.92
输入	0.92
室内	0.92
视为	0.92
时会	0.92
生命周期	0.92
升程	0.92
上下	0.92
上将	0.92
赛	0.92
荣誉	0.92
日记	0.92
认知度	0.92
忍不住	0.92
人人	0.92
热烈	0.92
绕	0.92
倾斜	0.92
倾	0.92
轻快	0.92
巧妙	0.92
浅	0.92
钱包	0.92
前十	0.92
恰恰	0.92
汽缸	0.92
瓶	0.92
频频	0.92
女排	0.92
女孩子	0.92
碾压	0.92
年代	0.92
耐	0.92
明朗	0.92
名单	0.92
妹	0.92
没到	0.92
盲目	0.92
流体	0.92
脸谱	0.92
历时	0.92
力气	0.92
类似	0.92
泪眼	0.92
老实	0.92
老牌	0.92
蓝驱	0.92
扩	0.92
空载	0.92
可能性	0.92
可控	0.92
抗拒	0.92
看图	0.92
开起	0.92
开发	0.92
境界	0.92
景点	0.92
精细	0.92
进驻	0.92
简易	0.92
兼修	0.92
家中	0.92
机舱	0.92
环法	0.92
花哨	0.92
后边	0.92
横空出世	0.92
黑马	0.92
耗油	0.92
好友	0.92
过日子	0.92
过年	0.92
规范	0.92
冠名	0.92
观看	0.92
狗	0.92
更胜一筹	0.92
高峰	0.92
感兴趣	0.92
改为	0.92
分频	0.92
防眩目	0.92
方形	0.92
翻倍	0.92
发展趋势	0.92
多样	0.92
肚子	0.92
洞察	0.92
定为	0.92
钓鱼	0.92
雕塑	0.92
点儿	0.92
颠	0.92
弟	0.92
地	0.92
等同	0.92
得来	0.92
得当	0.92
到时候	0.92
档杆	0.92
耽误	0.92
单月	0.92
大众化	0.92
打招呼	0.92
闯	0.92
出名	0.92
出乎意料	0.92
吃力	0.92
呈现出	0.92
车载	0.92
厂方	0.92
差劲	0.92
侧漏	0.92
采取	0.92
不亚于	0.92
不论	0.92
波	0.92
拨动	0.92
必备	0.92
暴增	0.92
包揽	0.92
爸妈	0.92
爱人	0.92
CEO	0.92
ABS	0.92
正	0.91
前行	0.91
家里	0.91
行	0.91
正在	0.9
油	0.9
微微	0.9
贴合	0.9
全	0.9
前面	0.9
你们	0.9
略显	0.9
亮度	0.9
顶部	0.9
代步	0.9
重磅	0.89
中型车	0.89
锁定	0.89
首先	0.89
能否	0.89
慢	0.89
更新	0.89
产品线	0.89
保护	0.89
线路	0.88
夏天	0.88
哪	0.88
好歹	0.88
关门	0.88
车中	0.88
踩	0.88
部件	0.88
不远	0.88
像是	0.87
想着	0.87
现在	0.87
五年	0.87
精品	0.87
近	0.87
接待	0.87
国	0.87
参与	0.87
并非	0.87
各位	0.86
这些	0.85
影响力	0.85
无	0.85
花	0.85
管理	0.85
哥	0.85
注意	0.84
试	0.84
前轮	0.84
马力	0.84
玻璃	0.84
保险杠	0.84
啊	0.84
中型	0.83
投诉	0.83
听到	0.83
手套	0.83
视角	0.83
深度	0.83
确定	0.83
前置	0.83
年内	0.83
码	0.83
节省	0.83
坚持	0.83
基本上	0.83
个子	0.83
订单	0.83
冲	0.83
包含	0.83
欧洲	0.82
另	0.82
丑	0.82
必须	0.82
专	0.81
张	0.81
越野车	0.81
异味	0.81
售后服务	0.81
实际	0.81
庞大	0.81
老公	0.81
啦	0.81
经理	0.81
奖励	0.81
护板	0.81
都市	0.81
地位	0.81
出游	0.81
走出	0.8
状	0.8
装饰板	0.8
专场	0.8
抓	0.8
主导	0.8
中意	0.8
中午	0.8
直逼	0.8
知名度	0.8
之内	0.8
这块	0.8
遮阳板	0.8
肇庆	0.8
障碍	0.8
早先	0.8
在售	0.8
欲望	0.8
有钱人	0.8
优先	0.8
用到	0.8
影片	0.8
以	0.8
仪表板	0.8
养车	0.8
言	0.8
选项	0.8
信息反馈	0.8
我一	0.8
通道	0.8
体会	0.8
搜	0.8
硕大	0.8
说真的	0.8
说到	0.8
实测	0.8
神话	0.8
山	0.8
瑞典	0.8
全能	0.8
全力	0.8
轻巧	0.8
前段时间	0.8
恰巧	0.8
起点	0.8
平安	0.8
拼搏	0.8
泡	0.8
年销量	0.8
逆向	0.8
逆袭	0.8
难得	0.8
耐脏	0.8
那车	0.8
木	0.8
民用	0.8
密集	0.8
猛禽	0.8
铝制	0.8
立下	0.8
里边	0.8
了了	0.8
框	0.8
卡钳	0.8
飓风	0.8
举重队	0.8
就行了	0.8
惊讶	0.8
谨慎	0.8
捷克	0.8
教授	0.8
脚下	0.8
建厂	0.8
减排	0.8
坚定	0.8
加之	0.8
极速	0.8
跻身	0.8
汇聚	0.8
合	0.8
喝	0.8
毫不	0.8
行李箱	0.8
含义	0.8
还算	0.8
国产品牌	0.8
辜负	0.8
各地	0.8
干净	0.8
赶脚	0.8
风情	0.8
放开	0.8
房	0.8
范	0.8
反复	0.8
对置	0.8
点亮	0.8
挡板	0.8
打算	0.8
春节	0.8
衬托	0.8
场地	0.8
常用	0.8
操作性	0.8
步伐	0.8
不相上下	0.8
博世	0.8
表格	0.8
表弟	0.8
保驾护航	0.8
专业	0.79
修	0.79
小型	0.79
此	0.79
抱	0.79
资料	0.78
重大	0.78
样式	0.78
学校	0.78
网站	0.78
统一	0.78
她	0.78
匹	0.78
朋友圈	0.78
届时	0.78
即便	0.78
副	0.78
分为	0.78
凡	0.78
多么	0.78
屌	0.78
答案	0.78
出手	0.78
城	0.78
车库	0.78
不论是	0.78
中控	0.77
至今	0.77
整	0.77
严重	0.77
微型车	0.77
吐	0.77
离合	0.77
关键	0.77
有钱	0.76
现已	0.76
先锋	0.76
推广	0.76
身边	0.76
商家	0.76
荣耀	0.76
瞄准	0.76
门槛	0.76
可是	0.76
互联网	0.76
更换	0.76
参展	0.76
只要	0.75
乞丐	0.75
广大	0.75
坐下	0.74
总体而言	0.74
总监	0.74
众将	0.74
再也	0.74
应该	0.74
引进	0.74
下班	0.74
听	0.74
岁月	0.74
四指	0.74
说不出	0.74
试试	0.74
市里	0.74
烧	0.74
日内瓦	0.74
前期	0.74
朋友	0.74
女儿	0.74
门口	0.74
滤芯	0.74
看不见	0.74
开展	0.74
脚感	0.74
几率	0.74
还给	0.74
惯	0.74
观众	0.74
隔壁	0.74
胳膊	0.74
高档	0.74
服务质量	0.74
飞速	0.74
独享	0.74
定	0.74
掉	0.74
地道	0.74
担忧	0.74
大点	0.74
常见	0.74
舱盖	0.74
不便	0.74
宝马车	0.74
宝宝	0.74
最合适	0.73
走	0.73
总共	0.73
致敬	0.73
之车	0.73
展翅	0.73
怎	0.73
运输	0.73
优于	0.73
意	0.73
一期	0.73
选购	0.73
心仪	0.73
想换	0.73
相较	0.73
媳妇儿	0.73
悉数	0.73
文	0.73
突兀	0.73
条幅	0.73
唐	0.73
谈谈	0.73
太太	0.73
素质	0.73
撕	0.73
睡觉	0.73
水	0.73
适时	0.73
势	0.73
市民	0.73
神器	0.73
驱版	0.73
前车	0.73
恰好	0.73
起到	0.73
品	0.73
胖	0.73
美的	0.73
没多久	0.73
满满的	0.73
来得	0.73
坑洼	0.73
可不是	0.73
接着	0.73
极地	0.73
基本	0.73
汇	0.73
合作	0.73
合一	0.73
公交车	0.73
给人以	0.73
分区	0.73
仿佛	0.73
发大财	0.73
盯	0.73
挡位	0.73
大叔	0.73
创	0.73
抽	0.73
舱内	0.73
不知	0.73
不难	0.73
不乏	0.73
不多	0.73
不变	0.73
边上	0.73
比肩	0.73
比不上	0.73
比	0.73
呗	0.73
备受瞩目	0.73
报道	0.73
爸爸	0.73
最强	0.72
中东	0.72
照曝光	0.72
早期	0.72
约	0.72
艺术	0.72
以前	0.72
响	0.72
下线	0.72
吸气	0.72
套装	0.72
烫	0.72
探索	0.72
数量	0.72
牌	0.72
女性	0.72
难度	0.72
买得起	0.72
例子	0.72
立即	0.72
监控	0.72
计算	0.72
含	0.72
俄罗斯	0.72
对象	0.72
此时	0.72
瞅	0.72
博文	0.72
按揭	0.72
做法	0.71
最终	0.71
最美	0.71
自动化	0.71
撞	0.71
转移	0.71
周边	0.71
指针	0.71
占用	0.71
悦	0.71
语言	0.71
雨	0.71
有意思	0.71
游泳队	0.71
油箱	0.71
由此	0.71
优惠政策	0.71
迎合	0.71
逸致	0.71
演练	0.71
严格	0.71
邂逅	0.71
系数	0.71
腿	0.71
头条	0.71
思路	0.71
说话	0.71
申报	0.71
商	0.71
三宝	0.71
认真	0.71
群众	0.71
前辈	0.71
品鉴	0.71
内心	0.71
摩托	0.71
明	0.71
领略	0.71
扩充	0.71
进取	0.71
进气口	0.71
紧接着	0.71
减震器	0.71
获	0.71
活	0.71
回头	0.71
话题	0.71
忽然	0.71
好不好	0.71
哈尔滨	0.71
国民	0.71
供	0.71
工薪阶层	0.71
葛先生	0.71
感动	0.71
富	0.71
放松	0.71
对应	0.71
队伍	0.71
动力车	0.71
冬天	0.71
谍	0.71
电视	0.71
挡手	0.71
带动	0.71
打造出	0.71
此款	0.71
初步	0.71
层面	0.71
采购	0.71
部长	0.71
步入	0.71
不同于	0.71
不然	0.71
必然	0.71
尊版	0.7
最先	0.7
走进	0.7
注定	0.7
这边	0.7
原先	0.7
一模一样	0.7
先后	0.7
望	0.7
上图	0.7
商用车	0.7
青年	0.7
抢占	0.7
盘子	0.7
明年	0.7
毛	0.7
拉开	0.7
客户	0.7
聚焦	0.7
街上	0.7
街道	0.7
纪录	0.7
激动	0.7
海报	0.7
规格	0.7
告知	0.7
钢板	0.7
房子	0.7
动系统	0.7
刺激	0.7
产业	0.7
侧	0.7
臂	0.7
转向灯	0.69
指出	0.69
只有	0.69
臃肿	0.69
要不然	0.69
疼	0.69
什么	0.69
权益	0.69
宁波	0.69
男生	0.69
名字	0.69
介入	0.69
机会	0.69
坏	0.69
过个	0.69
对手	0.69
动车	0.69
懂	0.69
出厂	0.69
最近	0.68
直观	0.68
缘故	0.68
原有	0.68
应付	0.68
尾气	0.68
退车	0.68
瞬间	0.68
上坡	0.68
排气	0.68
没开	0.68
可能	0.68
锦湖	0.68
接缝处	0.68
间隙	0.68
坚决	0.68
风窗	0.68
至少	0.67
正好	0.67
型	0.67
上有	0.67
碰到	0.67
观望	0.67
打不着	0.67
粗糙	0.67
厂商	0.67
奥运会	0.67
微	0.66
生产	0.66
纯	0.66
彻底	0.66
忠实	0.65
永远	0.65
协调	0.65
想想	0.65
稳当	0.65
挺大	0.65
识别	0.65
入手	0.65
日益	0.65
老气	0.65
估计	0.65
哥们	0.65
冲击	0.65
不要	0.65
保修期	0.65
宝	0.65
原车	0.64
上升	0.64
仍	0.64
农村	0.64
工作	0.64
工业	0.64
大家	0.64
车主	0.64
预售	0.63
以上	0.63
晚上	0.63
通病	0.63
控制系统	0.63
恐怕	0.63
居然	0.63
建议	0.63
缝隙	0.63
迟滞	0.63
车道	0.63
曾经	0.63
不小	0.63
变速器	0.63
摆在	0.63
座位	0.62
自动	0.62
主要	0.62
拥堵	0.62
强项	0.62
明确	0.62
解锁	0.62
挤	0.62
光	0.62
底	0.62
迟迟	0.62
便	0.62
坐进	0.61
坐车	0.61
指向性	0.61
之前	0.61
载物	0.61
一路上	0.61
瑕疵	0.61
算不上	0.61
塑料	0.61
市场占有率	0.61
实实在在	0.61
认定	0.61
排名	0.61
某	0.61
旅途	0.61
局面	0.61
经济实用	0.61
行业	0.61
个个	0.61
防护	0.61
短途	0.61
低矮	0.61
德国人	0.61
不太好	0.61
暴雨	0.61
已	0.6
业务员	0.6
压缩机	0.6
推脱	0.6
桃木	0.6
太重	0.6
胎	0.6
算了	0.6
如同	0.6
期间	0.6
喷	0.6
能比	0.6
那句话	0.6
屡	0.6
劲儿	0.6
尽快	0.6
接缝	0.6
韩系	0.6
风噪	0.6
对比	0.6
点击	0.6
船	0.6
传动轴	0.6
除霜	0.6
测试数据	0.6
事件	0.59
赛道	0.59
合适	0.59
关注	0.59
咋	0.58
源自	0.58
现	0.58
双方	0.58
经销商	0.58
减少	0.58
记	0.58
道路	0.58
差距	0.58
最多	0.57
总成	0.57
装	0.57
油泵	0.57
以为	0.57
踏板	0.57
双门	0.57
拍摄	0.57
么	0.57
后来	0.57
剐	0.57
车牌	0.57
不止	0.57
做好	0.56
装配	0.56
装备	0.56
系	0.56
说明	0.56
时常	0.56
声响	0.56
去年同期	0.56
强多	0.56
碰	0.56
难以	0.56
拒绝	0.56
进水	0.56
高压	0.56
盖	0.56
定金	0.56
电话	0.56
出租车	0.56
产生	0.56
意外	0.55
下半年	0.55
团购	0.55
抬	0.55
实际上	0.55
商用	0.55
请	0.55
前部	0.55
期	0.55
皮卡车	0.55
面向	0.55
蓝标	0.55
建设	0.55
行情	0.55
故事	0.55
发出	0.55
地点	0.55
大脚	0.55
粗犷	0.55
子板	0.54
新车	0.54
双光	0.54
取消	0.54
免费	0.54
美女	0.54
迈巴赫	0.54
老板	0.54
开启	0.54
警示	0.54
驾驶室	0.54
国庆节	0.54
改造	0.54
顶	0.54
怠速	0.54
吹	0.54
不管	0.54
办法	0.54
钣金	0.54
中规中矩	0.53
争议	0.53
王	0.53
上车	0.53
排行榜	0.53
那么	0.53
回去	0.53
工作人员	0.53
定速巡航	0.53
此前	0.53
蹭	0.53
之间	0.52
造	0.52
引擎	0.52
心	0.52
锁车	0.52
渠道	0.52
旗舰店	0.52
女司机	0.52
内容	0.52
南京	0.52
明天	0.52
记得	0.52
道奇	0.52
吃	0.52
标的	0.52
资讯	0.51
小白	0.51
向前	0.51
视线	0.51
如果说	0.51
任意	0.51
青岛	0.51
切割	0.51
气门	0.51
颇	0.51
配	0.51
难道	0.51
美	0.51
利器	0.51
惊喜	0.51
环节	0.51
后面	0.51
很稳	0.51
高速行驶	0.51
发动机舱	0.51
二手车	0.51
段时间	0.51
灯泡	0.51
大鹏	0.51
大哥	0.51
纯粹	0.51
城市道路	0.51
表明	0.51
奥迪车	0.51
!	0.51
长期	0.5
锁	0.5
难	0.5
麻烦	0.5
居家	0.5
或者	0.5
还要	0.5
国人	0.5
参加	0.5
追	0.49
展出	0.49
要说	0.49
要是	0.49
眼睛	0.49
文化	0.49
围观	0.49
退	0.49
天使	0.49
手册	0.49
盛宴	0.49
上来	0.49
驱车	0.49
求	0.49
汽油	0.49
那位	0.49
论坛	0.49
累	0.49
看看	0.49
解析	0.49
接口	0.49
季	0.49
急	0.49
火热	0.49
欢迎您	0.49
公开	0.49
工信	0.49
给予	0.49
低价	0.49
灯亮	0.49
到底	0.49
代号	0.49
刹车灯	0.49
表	0.49
备选	0.49
之	0.48
有没有	0.48
仪表	0.48
套件	0.48
随便	0.48
死	0.48
缺少	0.48
皮	0.48
后门	0.48
左侧	0.47
走不动	0.47
中空	0.47
中断	0.47
智	0.47
致命	0.47
制动器	0.47
执行	0.47
之际	0.47
着重	0.47
折射出	0.47
折扣	0.47
罩盖	0.47
长脸	0.47
战斗机	0.47
越来越快	0.47
与日俱增	0.47
有外媒	0.47
油泥	0.47
引来	0.47
一律	0.47
要比	0.47
扬	0.47
学习	0.47
选装	0.47
新内饰	0.47
相互	0.47
陷入	0.47
下部	0.47
万能	0.47
晚	0.47
拖拉	0.47
推移	0.47
推销	0.47
推	0.47
涂层	0.47
特意	0.47
胎噪大	0.47
随意	0.47
死板	0.47
市场策略	0.47
实拍	0.47
声场	0.47
升档	0.47
舍	0.47
尚版	0.47
上劲	0.47
三位数	0.47
弱点	0.47
肉人	0.47
肉车	0.47
人才	0.47
饶	0.47
情节	0.47
敲打	0.47
签署	0.47
跑跑	0.47
女朋友	0.47
娘	0.47
内核	0.47
南方	0.47
那俩	0.47
膜	0.47
名声在外	0.47
名列	0.47
面前	0.47
没能	0.47
率仅	0.47
令人满意	0.47
丽	0.47
勒	0.47
老爷子	0.47
老眼光	0.47
老将	0.47
蜡	0.47
款款	0.47
宽度	0.47
考驾照	0.47
看官	0.47
开多	0.47
决定性	0.47
进气门	0.47
紧	0.47
姐妹	0.47
渐	0.47
价格低	0.47
假想	0.47
加分	0.47
机缘巧合	0.47
回购	0.47
黄金	0.47
哗哗	0.47
后续	0.47
后段	0.47
很软	0.47
河南	0.47
合影	0.47
海拉	0.47
过去	0.47
过关	0.47
规规矩矩	0.47
共享	0.47
共鸣	0.47
拱	0.47
跟上	0.47
改不掉	0.47
该款	0.47
丰满	0.47
放不下	0.47
反响	0.47
凡是	0.47
乏力	0.47
二氧化碳	0.47
多谢	0.47
短板	0.47
订制	0.47
低迷	0.47
刀切	0.47
淡雅	0.47
带到	0.47
呆	0.47
大油	0.47
挫	0.47
纯属	0.47
愁	0.47
崇尚	0.47
尺度	0.47
彻底解决	0.47
车皮	0.47
插电	0.47
不选	0.47
不停	0.47
不掉	0.47
比同	0.47
比的	0.47
背景	0.47
棒极了	0.47
按说	0.47
哎哟	0.47
哎呀	0.47
做人	0.46
左后方	0.46
尊严	0.46
最大功	0.46
钻入	0.46
阻力	0.46
阻隔	0.46
族群	0.46
走在	0.46
走心	0.46
走上	0.46
走来	0.46
走到	0.46
纵情	0.46
总评	0.46
总成绩	0.46
自强	0.46
自底	0.46
自达	0.46
自此	0.46
姊妹	0.46
撞上	0.46
装门面	0.46
赚足	0.46
转折点	0.46
转为	0.46
专业化	0.46
专卖店	0.46
专利技术	0.46
铸就	0.46
主副	0.46
主持	0.46
众车	0.46
种种原因	0.46
终结者	0.46
终端	0.46
中欧	0.46
中年	0.46
中能	0.46
中均	0.46
中金公司	0.46
中奖	0.46
中端	0.46
中档	0.46
智行版	0.46
治愈	0.46
炙热	0.46
制胜之道	0.46
至尊版	0.46
至关重要	0.46
指示	0.46
值得一提	0.46
直至	0.46
直属	0.46
直径	0.46
直击	0.46
支援	0.46
支撑力	0.46
之余	0.46
症	0.46
整齐划一	0.46
争光	0.46
震惊	0.46
阵容强大	0.46
真情	0.46
真不	0.46
珍珠	0.46
侦测	0.46
着迷	0.46
这群人	0.46
这里	0.46
这般	0.46
折叠式	0.46
折叠伞	0.46
找出	0.46
招标	0.46
长途旅行	0.46
站住	0.46
战术	0.46
战略意义	0.46
摘下	0.46
造诣	0.46
早日	0.46
早晨	0.46
在位	0.46
在手	0.46
在技术上	0.46
再也不会	0.46
运动性	0.46
悦联	0.46
月销	0.46
愿望	0.46
远远地	0.46
原生	0.46
园	0.46
寓意	0.46
预算内	0.46
预警系统	0.46
预防	0.46
玉溪	0.46
与否	0.46
右下	0.46
有事	0.46
有失	0.46
有名	0.46
有过之无不及	0.46
勇夺	0.46
硬气	0.46
应当	0.46
隐私	0.46
音效	0.46
音响设备	0.46
熠熠	0.46
意图	0.46
意识	0.46
羿	0.46
易用性	0.46
易驾	0.46
以便	0.46
移情别恋	0.46
怡声	0.46
怡	0.46
一枝独秀	0.46
一席之地	0.46
一是	0.46
一哥	0.46
一成不变	0.46
一步到位	0.46
一比	0.46
一般来说	0.46
业内	0.46
野	0.46
咬牙	0.46
样貌	0.46
养活	0.46
验车	0.46
眼里	0.46
掩盖	0.46
俨然	0.46
沿途	0.46
延迟	0.46
呀	0.46
亚夏	0.46
逊色	0.46
噱头	0.46
宣彦	0.46
宣传片	0.46
宣城	0.46
嗅觉	0.46
性能优越	0.46
性能比	0.46
形态	0.46
新星	0.46
新乡	0.46
新提	0.46
新旗舰	0.46
新规	0.46
欣然接受	0.46
欣背	0.46
欣	0.46
心愿	0.46
心灵	0.46
心动不已	0.46
笑脸	0.46
校门	0.46
小舅子	0.46
小家庭	0.46
小家	0.46
小辉腾	0.46
小姑娘	0.46
小白鼠	0.46
销售	0.46
项目	0.46
相似之处	0.46
相符	0.46
相仿	0.46
相对来说	0.46
献上	0.46
线控	0.46
限滑	0.46
现身	0.46
衔接	0.46
闲钱	0.46
闲	0.46
氙灯	0.46
先上	0.46
先进性	0.46
夏	0.46
下足	0.46
下调	0.46
下端	0.46
细碎	0.46
系列赛	0.46
嘻嘻	0.46
悉尼	0.46
雾霾	0.46
物体	0.46
武装到牙齿	0.46
武林	0.46
五天	0.46
五速	0.46
吴亦凡	0.46
无虞	0.46
无意间	0.46
无处	0.46
我心	0.46
我司	0.46
喔	0.46
闻名于世	0.46
卫冕	0.46
委员会	0.46
尾管	0.46
维修车间	0.46
唯独	0.46
违法	0.46
微弱	0.46
威武	0.46
网状	0.46
万科	0.46
宛如	0.46
玩灯	0.46
玩出	0.46
哇塞	0.46
脱俗	0.46
退役	0.46
团	0.46
图纸	0.46
图解	0.46
突破口	0.46
秃头	0.46
投影	0.46
投射	0.46
投票	0.46
投	0.46
头尾	0.46
头层	0.46
同时代	0.46
通讯	0.46
通	0.46
停歇	0.46
听见	0.46
厅堂	0.46
铁西	0.46
跳出	0.46
调查报告	0.46
条路	0.46
天水	0.46
天成	0.46
体育	0.46
体面	0.46
提走	0.46
特立独行	0.46
特别喜爱	0.46
套用	0.46
讨喜	0.46
淘汰	0.46
掏钱	0.46
掏	0.46
搪塑	0.46
堂堂	0.46
探寻	0.46
探测系统	0.46
坦途	0.46
太阳膜	0.46
太美	0.46
所爱	0.46
随性	0.46
随心所欲	0.46
随即	0.46
算作	0.46
塑料件	0.46
速度感	0.46
苏	0.46
四面八方	0.46
四边形	0.46
私密	0.46
说走就走	0.46
说服	0.46
顺	0.46
睡眠	0.46
水坑	0.46
水果机	0.46
水杯	0.46
双子星	0.46
双手	0.46
双叉臂	0.46
衰退	0.46
竖条	0.46
树	0.46
束缚	0.46
蔬菜	0.46
疏忽	0.46
舒舒服服	0.46
舒版	0.46
首要	0.46
首日	0.46
手指	0.46
手持	0.46
手柄	0.46
收尾	0.46
收紧	0.46
适度	0.46
事不宜迟	0.46
势力	0.46
市面	0.46
世界各地	0.46
世	0.46
使用性能	0.46
使劲	0.46
实用主义	0.46
实属	0.46
识别系统	0.46
时能	0.46
时隔	0.46
时代感	0.46
十大	0.46
湿度	0.46
师弟	0.46
声源	0.46
生硬	0.46
生日	0.46
生活品质	0.46
生存空间	0.46
升到	0.46
神州	0.46
神伤	0.46
身披	0.46
伸进	0.46
稍低	0.46
上周末	0.46
上瘾	0.46
上要	0.46
上期	0.46
上开	0.46
上佳	0.46
商品	0.46
闪	0.46
珊	0.46
色差	0.46
骚气	0.46
散发	0.46
三角形	0.46
三盾	0.46
睿达	0.46
瑞铭	0.46
如数家珍	0.46
柔美	0.46
日照	0.46
日常生活	0.46
仍为	0.46
认准	0.46
人造	0.46
人流	0.46
人均收入	0.46
人见人爱	0.46
人潮	0.46
热心	0.46
绕道	0.46
让你在	0.46
冉冉升起	0.46
群里	0.46
确信	0.46
全长	0.46
全速	0.46
全身	0.46
全彩	0.46
权衡	0.46
去四	0.46
取车	0.46
屈指可数	0.46
求爱	0.46
情感	0.46
清晰度	0.46
轻易	0.46
轻推	0.46
轻轻松松	0.46
轻点	0.46
亲戚朋友	0.46
亲近	0.46
亲和力	0.46
侵略性	0.46
且不说	0.46
切线	0.46
瞧	0.46
悄悄	0.46
强强联合	0.46
嵌入式	0.46
前线	0.46
契合	0.46
迄今为止	0.46
气味	0.46
气势恢宏	0.46
崎岖	0.46
莆田	0.46
颇受	0.46
坡度	0.46
坡	0.46
屏幕显示	0.46
评选活动	0.46
评分	0.46
平心而论	0.46
平和	0.46
品味	0.46
品牌效应	0.46
飘红	0.46
脾气	0.46
喷涂	0.46
配得	0.46
抛锚	0.46
判定	0.46
牌量	0.46
排列	0.46
排档	0.46
排布	0.46
欧洲人	0.46
挪	0.46
浓浓	0.46
扭转	0.46
牛皮	0.46
凝聚	0.46
镍氢电池	0.46
年青	0.46
逆	0.46
能用	0.46
内后	0.46
内功	0.46
内衬	0.46
难怪	0.46
男孩子	0.46
耐久性	0.46
那儿	0.46
拿	0.46
某某	0.46
默认	0.46
莫名	0.46
抹布	0.46
魔力	0.46
魔鬼	0.46
磨损	0.46
模型	0.46
名言	0.46
名号	0.46
民族	0.46
民意	0.46
描述	0.46
秘密	0.46
糸	0.46
米其林	0.46
迷们	0.46
眯眯眼	0.46
梦想成真	0.46
猛然	0.46
门外	0.46
门上	0.46
门边	0.46
没试	0.46
没看	0.46
矛盾	0.46
满街跑	0.46
满电	0.46
馒头	0.46
迈开	0.46
买回来	0.46
买房	0.46
埋藏	0.46
马上会	0.46
麻溜	0.46
萝卜青菜	0.46
罗列	0.46
轮眉	0.46
录得	0.46
漏	0.46
垄断	0.46
隆起	0.46
龙游	0.46
六代	0.46
流出	0.46
留住	0.46
留出	0.46
另辟蹊径	0.46
领先者	0.46
领跑者	0.46
零食	0.46
菱角	0.46
灵气	0.46
临沂	0.46
临近	0.46
寥寥无几	0.46
聊哥	0.46
聊到	0.46
梁式非	0.46
梁后	0.46
连杆	0.46
立体式	0.46
里后	0.46
李刚	0.46
离去角	0.46
了台	0.46
了试	0.46
了车	0.46
乐意	0.46
乐见	0.46
烙印	0.46
烂路	0.46
蓝精灵	0.46
来开	0.46
拉拉	0.46
拉大	0.46
况且	0.46
狂飙	0.46
宽泛	0.46
快车	0.46
跨越	0.46
酷似	0.46
口水	0.46
控制车	0.46
空滤	0.46
客人	0.46
可知	0.46
可见	0.46
科技时代	0.46
看不出来	0.46
砍	0.46
开玩笑	0.46
开外	0.46
开天窗	0.46
开式	0.46
开发商	0.46
开不坏	0.46
咖辣评	0.46
绝尘而去	0.46
绝不会	0.46
聚	0.46
居于	0.46
就是说	0.46
九年	0.46
静若处子	0.46
净	0.46
警示牌	0.46
警察	0.46
尽管如此	0.46
仅凭	0.46
仅此	0.46
筋线	0.46
津津乐道	0.46
今朝	0.46
借车	0.46
捷	0.46
结识	0.46
结	0.46
节制	0.46
节节	0.46
较重	0.46
较之	0.46
较多	0.46
娇小	0.46
交互	0.46
降临	0.46
鉴赏	0.46
渐变	0.46
建成	0.46
见仁见智	0.46
减振	0.46
兼容性	0.46
艰难	0.46
坚守	0.46
坚固	0.46
尖端科技	0.46
尖	0.46
价格低廉	0.46
假如	0.46
假日	0.46
夹击	0.46
家族史	0.46
加长型	0.46
寄予	0.46
济南	0.46
季军	0.46
技术水平	0.46
几时	0.46
集齐	0.46
集大成者	0.46
疾驰	0.46
急转弯	0.46
急于	0.46
极少	0.46
极度	0.46
击剑	0.46
货真价实	0.46
货箱	0.46
火灾	0.46
火车	0.46
回暖	0.46
换台	0.46
幻想	0.46
怀挡	0.46
滑行	0.46
花纹	0.46
虎啸	0.46
呼	0.46
厚重感	0.46
后坐	0.46
后轴	0.46
后怕	0.46
后劲	0.46
红外线	0.46
红脸	0.46
红红火火	0.46
狠狠	0.46
很远	0.46
很久	0.46
很淡	0.46
嘿	0.46
黑顶	0.46
黑底白字	0.46
荷兰	0.46
何乐而不为	0.46
何不	0.46
喝彩	0.46
好久没	0.46
好得多	0.46
豪情	0.46
毫发无损	0.46
行者	0.46
瀚	0.46
焊装	0.46
焊	0.46
汗	0.46
海关	0.46
还原	0.46
哈哈哈哈	0.46
过人之处	0.46
过关斩将	0.46
国有	0.46
国门	0.46
国度	0.46
贵气	0.46
闺女	0.46
规矩	0.46
归属于	0.46
归纳	0.46
光影	0.46
光洁	0.46
光彩夺目	0.46
管理层	0.46
观赏	0.46
关键因素	0.46
关键时刻	0.46
关键技术	0.46
怪不得	0.46
挂钩	0.46
购买过程	0.46
购车者	0.46
共线	0.46
攻守	0.46
功臣	0.46
功不可没	0.46
公务车	0.46
公示	0.46
更远	0.46
更轻	0.46
更迭	0.46
各有千秋	0.46
革新	0.46
哥们儿	0.46
高呼	0.46
缸盖	0.46
刚上	0.46
刚刚开始	0.46
干净利落	0.46
感与	0.46
感上	0.46
感极	0.46
赶到	0.46
赶	0.46
改头换面	0.46
改革	0.46
附体	0.46
附上	0.46
负	0.46
俯冲	0.46
福音	0.46
肤浅	0.46
否认	0.46
否定	0.46
逢	0.46
冯珊	0.46
蜂窝	0.46
锋锐	0.46
风潮	0.46
粉碎	0.46
分成	0.46
分不清楚	0.46
废话	0.46
肥	0.46
非常简单	0.46
飞奔	0.46
放在首位	0.46
放肆	0.46
放水	0.46
放入	0.46
访谈	0.46
仿真	0.46
防滑	0.46
方孔	0.46
方方正正	0.46
繁琐	0.46
繁华	0.46
翻转	0.46
翻译	0.46
翻看	0.46
法式	0.46
发生意外	0.46
二者	0.46
二是	0.46
二话不说	0.46
儿童座椅	0.46
夺下	0.46
夺金	0.46
夺回	0.46
多拉	0.46
对症下药	0.46
对号入座	0.46
对待	0.46
渡部	0.46
度角	0.46
堵堵	0.46
冻	0.46
东区	0.46
定情	0.46
顶棚	0.46
迭代	0.46
电子设备	0.46
电子表	0.46
电视广告	0.46
电镀	0.46
点心	0.46
点燃	0.46
第一季度	0.46
弟弟	0.46
地垫	0.46
底座	0.46
底壳	0.46
迪尔	0.46
低档	0.46
邓禄普	0.46
灯眉	0.46
得不到	0.46
道路交通	0.46
当即	0.46
单调	0.46
待遇	0.46
代替	0.46
大致	0.46
大越	0.46
大写	0.46
大屏幕	0.46
大力支持	0.46
大街小巷	0.46
大规模	0.46
大法	0.46
大地	0.46
大刀	0.46
大变样	0.46
打入	0.46
打破常规	0.46
打了个	0.46
答应	0.46
促成	0.46
从不	0.46
此起彼伏	0.46
此基础	0.46
春天	0.46
创新性	0.46
创世	0.46
传	0.46
穿上	0.46
触发	0.46
处境	0.46
储存	0.46
厨房	0.46
初见成效	0.46
出新	0.46
出了名	0.46
出镜	0.46
出击	0.46
持续增长	0.46
持续保持	0.46
持平	0.46
橙	0.46
城市化	0.46
承	0.46
成渝	0.46
成像	0.46
成品	0.46
成本低	0.46
扯淡	0.46
车音	0.46
车讯	0.46
车外	0.46
车水马龙	0.46
车圈	0.46
车开进	0.46
车到山前必有路	0.46
潮	0.46
超速行驶	0.46
超人	0.46
超个	0.46
场合	0.46
侧门	0.46
侧滑	0.46
草原	0.46
槽口	0.46
操	0.46
参考价	0.46
踩下去	0.46
踩踏	0.46
采光	0.46
擦擦	0.46
布拉格	0.46
不在少数	0.46
不失为	0.46
不弱	0.46
不能不	0.46
不可同日而语	0.46
不可或缺	0.46
不可否认	0.46
不含糊	0.46
不断进取	0.46
别具匠心	0.46
表中	0.46
彪悍	0.46
变形金刚	0.46
变为	0.46
变态	0.46
避开	0.46
必将会	0.46
鄙视	0.46
比较复杂	0.46
本事	0.46
本国	0.46
奔放	0.46
倍感	0.46
背车	0.46
杯座	0.46
爆改	0.46
暴晒	0.46
保命	0.46
宝翔	0.46
饱受	0.46
包装	0.46
傍	0.46
棒子	0.46
扮	0.46
半路上	0.46
半价	0.46
颁奖	0.46
把手	0.46
拔	0.46
八年	0.46
八代	0.46
傲	0.46
熬过	0.46
暗自	0.46
安卓	0.46
安乐	0.46
阿姆斯特丹	0.46
最新款	0.45
主题	0.45
真空	0.45
绽放	0.45
噪声	0.45
油漆	0.45
疑问	0.45
亚军	0.45
尾标	0.45
为此	0.45
天	0.45
事业	0.45
事实	0.45
盛典	0.45
省钱	0.45
设施	0.45
森	0.45
跑车	0.45
怕	0.45
礼物	0.45
礼品	0.45
扩大	0.45
交通	0.45
减配	0.45
加版	0.45
既然	0.45
回收	0.45
高兴	0.45
尴尬	0.45
父亲	0.45
代表性	0.45
不住	0.45
便宜	0.45
报警	0.45
报废	0.45
撞车	0.44
用于	0.44
仪表盘	0.44
需要	0.44
停产	0.44
态度	0.44
身上	0.44
领域	0.44
间	0.44
电瓶	0.44
诞生	0.44
刹车片	0.44
指数	0.43
直奔	0.43
这部	0.43
游	0.43
影像	0.43
夜	0.43
巡游	0.43
协议	0.43
想要	0.43
外媒	0.43
哇	0.43
提起	0.43
谈不上	0.43
四轮驱动	0.43
上代	0.43
全体	0.43
配版	0.43
能源	0.43
哪款	0.43
路过	0.43
聊天	0.43
聊	0.43
李先生	0.43
老婆	0.43
交通广播	0.43
加长版	0.43
暨	0.43
华北	0.43
过于	0.43
过户	0.43
规模	0.43
构造	0.43
供选择	0.43
法兰克福	0.43
发售	0.43
二级	0.43
对面	0.43
电动车窗	0.43
当场	0.43
代言人	0.43
大车	0.43
柴油发动机	0.43
不怎么	0.43
标题	0.43
比如	0.43
本土化	0.43
办理	0.43
阻挡	0.42
中段	0.42
兄弟	0.42
写	0.42
小心	0.42
舒适感	0.42
身份	0.42
色调	0.42
任性	0.42
漆	0.42
近日	0.42
进	0.42
极	0.42
积极	0.42
华丽	0.42
厚重	0.42
从来	0.42
出过	0.42
车用	0.42
著称	0.41
主	0.41
支撑杆	0.41
之后	0.41
再就是	0.41
远程	0.41
摇	0.41
心意	0.41
响应速度	0.41
无所谓	0.41
无不	0.41
完车	0.41
挺舒服	0.41
属	0.41
舒雅	0.41
时间	0.41
人心	0.41
清洗	0.41
轻奢	0.41
亲身	0.41
前端	0.41
皮革	0.41
碰上	0.41
绿灯	0.41
落下	0.41
浪	0.41
困境	0.41
今年以来	0.41
街车	0.41
较强	0.41
交通状况	0.41
加	0.41
好开	0.41
行走	0.41
行程	0.41
股东	0.41
功课	0.41
各有所爱	0.41
高标准	0.41
反而	0.41
诶	0.41
顿时	0.41
堵车	0.41
独创	0.41
定制	0.41
单边	0.41
大半年	0.41
窜	0.41
车轮	0.41
憋屈	0.41
表示	0.41
笨重	0.41
包括	0.41
总统	0.4
总算	0.4
自主	0.4
至上	0.4
指定	0.4
只好	0.4
这家	0.4
长假	0.4
展	0.4
在线	0.4
愉快	0.4
硬件	0.4
音质	0.4
选配	0.4
下载	0.4
下图	0.4
完胜	0.4
特	0.4
试乘试驾	0.4
事儿	0.4
神秘	0.4
劝	0.4
桥	0.4
强调	0.4
气	0.4
起售	0.4
欧版	0.4
女生	0.4
女人	0.4
宁愿	0.4
名下	0.4
妹子	0.4
买来	0.4
柳州	0.4
临时	0.4
礼遇	0.4
进军	0.4
进而	0.4
解决方案	0.4
解答	0.4
兼	0.4
机滤	0.4
回顾	0.4
沪	0.4
合资企业	0.4
公共	0.4
高清	0.4
副总经理	0.4
方	0.4
东北	0.4
巅峰	0.4
从前	0.4
抄袭	0.4
参观	0.4
不贵	0.4
变速	0.4
伴	0.4
白色	0.4
综合性	0.39
轴	0.39
雾	0.39
所在	0.39
所用	0.39
顺眼	0.39
舍得	0.39
锐利	0.39
热卖	0.39
取向	0.39
摸	0.39
秒杀	0.39
矿泉水	0.39
节油	0.39
检测	0.39
核心技术	0.39
格外	0.39
对称	0.39
背感	0.39
北京	0.39
作业	0.38
钻	0.38
自家	0.38
追尾	0.38
专区	0.38
主机	0.38
质疑	0.38
正如	0.38
正规	0.38
真诚	0.38
这时	0.38
增压器	0.38
增大	0.38
赞助	0.38
遇上	0.38
预订	0.38
有余	0.38
有限公司	0.38
有所增加	0.38
游艇	0.38
眼	0.38
压根	0.38
薛丰	0.38
新雅阁	0.38
心目	0.38
心得	0.38
无线	0.38
往前	0.38
投放市场	0.38
停车场	0.38
填补	0.38
梯形	0.38
特别版	0.38
太阳能	0.38
台上	0.38
虽说	0.38
说道	0.38
水泥	0.38
数值	0.38
生	0.38
身后	0.38
社	0.38
上去	0.38
全开	0.38
清远	0.38
亲	0.38
前身	0.38
谱	0.38
普通人	0.38
评估	0.38
偏偏	0.38
拍照	0.38
欧陆	0.38
欧	0.38
浓厚	0.38
念头	0.38
泥	0.38
能卖	0.38
南通	0.38
门板	0.38
贸易	0.38
马路	0.38
滤清器	0.38
率为	0.38
联手	0.38
历程	0.38
里程	0.38
礼让	0.38
快要	0.38
可视	0.38
开上	0.38
崛起	0.38
景区	0.38
尽量	0.38
金九银	0.38
金额	0.38
借此	0.38
节气门	0.38
节目	0.38
教练车	0.38
教	0.38
键	0.38
减速带	0.38
价格比	0.38
济宁	0.38
技巧	0.38
积蓄	0.38
婚车	0.38
互相	0.38
国内外	0.38
广东	0.38
关怀	0.38
复制	0.38
付出	0.38
费劲	0.38
飞机	0.38
嗯	0.38
短	0.38
动静	0.38
东	0.38
登上	0.38
单元	0.38
创始人	0.38
传动系统	0.38
齿	0.38
拆车	0.38
查询	0.38
不在乎	0.38
博格	0.38
避暑	0.38
逼	0.38
NEW	0.38
做生意	0.37
坐椅	0.37
尊耀	0.37
醉	0.37
最长	0.37
总榜	0.37
自重	0.37
自我	0.37
琢磨	0.37
追赶	0.37
转子	0.37
转悠	0.37
专员	0.37
专业级	0.37
助推	0.37
主推	0.37
重量级	0.37
重工	0.37
忠于	0.37
中庸	0.37
制造业	0.37
值得称赞	0.37
知情	0.37
支柱	0.37
整齐	0.37
整洁	0.37
这样的话	0.37
这人	0.37
这件	0.37
这话	0.37
这部分	0.37
折	0.37
赵	0.37
帐篷	0.37
掌声	0.37
张掖	0.37
展品	0.37
展具	0.37
炸	0.37
扎	0.37
造就	0.37
在所难免	0.37
再加	0.37
越过	0.37
月份	0.37
圆滑	0.37
原本	0.37
渊源	0.37
御用	0.37
余地	0.37
幼儿园	0.37
有用	0.37
有模有样	0.37
有劲	0.37
由此可见	0.37
优美	0.37
用量	0.37
哟	0.37
引爆	0.37
引	0.37
银子	0.37
音频	0.37
意愿	0.37
易于	0.37
以至于	0.37
已有	0.37
衣服	0.37
一年一度	0.37
一聊	0.37
一经	0.37
一分钱	0.37
一筹	0.37
液压	0.37
也已	0.37
耀世	0.37
养护	0.37
养	0.37
沿海	0.37
延长	0.37
阉割	0.37
询价	0.37
绚丽	0.37
选错	0.37
宣示	0.37
修正	0.37
凶悍	0.37
星级	0.37
星光	0.37
新奇	0.37
心弦	0.37
写出	0.37
小子	0.37
肖勇	0.37
相关	0.37
相得益彰	0.37
相差无几	0.37
现如今	0.37
现阶段	0.37
吓一跳	0.37
细长	0.37
物理	0.37
无畏	0.37
纹理	0.37
胃口	0.37
围绕	0.37
为数不多	0.37
微调	0.37
威旺	0.37
威猛	0.37
旺季	0.37
往后	0.37
玩车	0.37
完赛	0.37
弯路	0.37
外置	0.37
托	0.37
推荐	0.37
途经	0.37
透出	0.37
同一个	0.37
同是	0.37
同色	0.37
同期相比	0.37
同类	0.37
同档次	0.37
通通	0.37
听觉	0.37
贴近	0.37
特大	0.37
堂弟	0.37
唐山	0.37
谈及	0.37
琐碎	0.37
索性	0.37
所示	0.37
损耗	0.37
塑造成	0.37
诉求	0.37
四辐式	0.37
说完	0.37
顺势	0.37
帅呆了	0.37
数据线	0.37
数据分析	0.37
瘦	0.37
受众	0.37
寿命	0.37
手创	0.37
是用	0.37
拭目以待	0.37
市场部	0.37
实质	0.37
实验室	0.37
十分相似	0.37
湿滑	0.37
狮	0.37
盛大	0.37
胜利	0.37
生活馆	0.37
生存	0.37
审视	0.37
审美观	0.37
审车	0.37
深处	0.37
身为	0.37
设有	0.37
奢侈品	0.37
少见	0.37
烧烤	0.37
尚	0.37
擅长	0.37
塞	0.37
蠕墨	0.37
认知	0.37
认同	0.37
人工智能	0.37
绕桩	0.37
确立	0.37
缺席	0.37
缺	0.37
全文	0.37
取自	0.37
区间	0.37
情	0.37
倾情	0.37
亲戚家	0.37
抢先	0.37
强力	0.37
潜水	0.37
潜力	0.37
前任	0.37
汽贸	0.37
奇妙	0.37
破坏	0.37
评定	0.37
平庸	0.37
平视	0.37
平均水平	0.37
平静	0.37
配上	0.37
配到	0.37
派出	0.37
拍打	0.37
欧巴	0.37
女子高尔夫	0.37
宁可	0.37
脑袋	0.37
南北	0.37
耐心	0.37
那样	0.37
默默	0.37
墨镜	0.37
抹	0.37
魔	0.37
摸索	0.37
民间	0.37
面包	0.37
美景	0.37
没去	0.37
买买	0.37
买房子	0.37
买车	0.37
马车	0.37
略胜一筹	0.37
露脸	0.37
路程	0.37
卤素	0.37
留给	0.37
刘先生	0.37
溜达	0.37
菱形	0.37
烈日	0.37
列为	0.37
练手	0.37
里程碑	0.37
雷车	0.37
雷	0.37
了近	0.37
蓝海	0.37
来源于	0.37
来头	0.37
辣	0.37
魁梧	0.37
块	0.37
跨	0.37
酷爱	0.37
刻意	0.37
渴望	0.37
可言	0.37
扛	0.37
看来看去	0.37
坎坷	0.37
开锁	0.37
开封	0.37
开得	0.37
军工	0.37
巨型	0.37
旧车	0.37
旧	0.37
九大	0.37
镜	0.37
静静地	0.37
竞技	0.37
警告	0.37
精华	0.37
近几年	0.37
进展	0.37
金牌	0.37
今天下午	0.37
界中	0.37
界里	0.37
姐姐	0.37
捷达车	0.37
节假日	0.37
接受度	0.37
接收	0.37
教师	0.37
叫嚣	0.37
降幅	0.37
讲讲	0.37
江门	0.37
剑	0.37
简	0.37
减小	0.37
艰辛	0.37
驾龄	0.37
价值观	0.37
价格优势	0.37
加宽	0.37
迹象	0.37
纪实	0.37
藉此	0.37
集	0.37
极力	0.37
极了	0.37
激战	0.37
基金	0.37
基本相同	0.37
鸡	0.37
机智	0.37
获奖	0.37
货色	0.37
活泼可爱	0.37
浑身	0.37
婚	0.37
会上	0.37
化妆镜	0.37
化繁为简	0.37
华通	0.37
花样	0.37
忽视	0.37
红旗轿车	0.37
亨利	0.37
很浓	0.37
好不容易	0.37
行列	0.37
夯实	0.37
汗马功劳	0.37
寒酸	0.37
孩	0.37
过得去	0.37
国企	0.37
国际化	0.37
广角	0.37
管路	0.37
管控	0.37
关上	0.37
瓜	0.37
骨子里	0.37
骨架	0.37
购入	0.37
攻势	0.37
根基	0.37
各款	0.37
各个方面	0.37
各方	0.37
高质量	0.37
高调	0.37
高能	0.37
高尔夫运动	0.37
高档轿车	0.37
感悟	0.37
感官	0.37
赶超	0.37
改改	0.37
赋予	0.37
负担	0.37
父辈	0.37
幅	0.37
服	0.37
佛山	0.37
风靡	0.37
风景线	0.37
分体式	0.37
分时	0.37
非洲	0.37
非得	0.37
放进去	0.37
防弹	0.37
返回	0.37
反倒	0.37
烦恼	0.37
翻倒	0.37
阀门	0.37
发光	0.37
耳	0.37
多用途	0.37
多彩	0.37
盾形	0.37
对抗	0.37
独一无二	0.37
动力电池	0.37
丢失	0.37
定下	0.37
丁	0.37
地形	0.37
抵挡	0.37
灯具厂	0.37
德式	0.37
得意	0.37
挡住	0.37
当做	0.37
代价	0.37
大众一家	0.37
大雨	0.37
大手笔	0.37
大庆	0.37
大牌	0.37
大帕萨特	0.37
大街	0.37
大货	0.37
大厂	0.37
打扮	0.37
粗暴	0.37
从里到外	0.37
刺眼	0.37
次顶	0.37
此刻	0.37
此后	0.37
词汇	0.37
创立	0.37
初代	0.37
出自于	0.37
出事	0.37
出场	0.37
吃货	0.37
承袭	0.37
成正比	0.37
成长率	0.37
车讯网	0.37
车企中	0.37
车会	0.37
超辆	0.37
常熟	0.37
常识	0.37
常平	0.37
产品设计	0.37
差钱	0.37
插入	0.37
菜单	0.37
不懈	0.37
不谋而合	0.37
不可思议	0.37
不可开交	0.37
不规则	0.37
不管怎样	0.37
不敢恭维	0.37
不得了	0.37
波澜	0.37
并道	0.37
飚	0.37
标准型	0.37
辨别	0.37
避让	0.37
比喻	0.37
倍儿	0.37
爆出	0.37
报	0.37
版则	0.37
搬家	0.37
巴伐利亚	0.37
傲闯	0.37
安置	0.37
爱情	0.37
爱好	0.37
爱国	0.37
坐落于	0.36
组成部分	0.36
总冠军	0.36
宗旨	0.36
装潢	0.36
重新	0.36
制定	0.36
整整	0.36
这类	0.36
招募	0.36
责任	0.36
越做越	0.36
月底	0.36
优缺点	0.36
用以	0.36
盈利	0.36
迎	0.36
驿站	0.36
一站式	0.36
一分货	0.36
宣告	0.36
型号	0.36
星空	0.36
新三样	0.36
心爱	0.36
小帅哥	0.36
小哥	0.36
消费市场	0.36
向往	0.36
相遇	0.36
相	0.36
现实	0.36
县城	0.36
鲜明	0.36
先前	0.36
文字	0.36
温莎	0.36
为期	0.36
微粒	0.36
网页	0.36
偷	0.36
送货	0.36
四驱车	0.36
思维	0.36
使命	0.36
师兄	0.36
失控	0.36
剩	0.36
身份证	0.36
上笑	0.36
沙漠	0.36
入围	0.36
人机交互	0.36
热点	0.36
燃料	0.36
全顺	0.36
驱散	0.36
轻型	0.36
亲自	0.36
前翼子板	0.36
签约	0.36
启停	0.36
其间	0.36
评为	0.36
篇文章	0.36
匹敌	0.36
女士	0.36
年纪	0.36
那年	0.36
魔术	0.36
美容	0.36
略高于	0.36
龙膜	0.36
量身	0.36
立刻	0.36
力作	0.36
理论	0.36
了下	0.36
老王	0.36
靠谱	0.36
抗	0.36
开拓	0.36
开辆	0.36
酒	0.36
警用	0.36
近光灯	0.36
紧密	0.36
紧急	0.36
借用	0.36
街头	0.36
接触	0.36
叫做	0.36
交通工具	0.36
简化	0.36
嘉宾	0.36
加油站	0.36
技能	0.36
集合	0.36
积分	0.36
机构	0.36
机场	0.36
恢复	0.36
洪荒	0.36
恨	0.36
盒子	0.36
好玩	0.36
过瘾	0.36
过度	0.36
姑娘	0.36
巩固	0.36
格	0.36
港澳	0.36
疯狂	0.36
风头	0.36
废品	0.36
发展史	0.36
斗	0.36
碟刹	0.36
爹	0.36
电喷	0.36
低成本	0.36
道理	0.36
到处	0.36
弹簧	0.36
弹	0.36
待	0.36
大旗	0.36
搭建	0.36
窗	0.36
传说	0.36
穿越	0.36
初期	0.36
初段	0.36
出租	0.36
成交	0.36
车车	0.36
超速	0.36
插口	0.36
测评	0.36
参赛	0.36
不合理	0.36
补	0.36
标准版	0.36
奔	0.36
宝来车	0.36
俺	0.36
安利	0.36
安吉	0.36
资深	0.35
姿势	0.35
赘述	0.35
转过	0.35
瞩目	0.35
终身	0.35
志	0.35
旨在	0.35
整理	0.35
照明灯	0.35
增至	0.35
载	0.35
咋样	0.35
运动员	0.35
预约	0.35
有序	0.35
有幸	0.35
永不	0.35
应有尽有	0.35
营业	0.35
英文	0.35
银灰色	0.35
银行	0.35
以此	0.35
仪式	0.35
一时	0.35
野性	0.35
野心	0.35
也许	0.35
演变	0.35
眼花缭乱	0.35
雅士	0.35
需求量	0.35
形状	0.35
新生	0.35
新军	0.35
详细	0.35
香水	0.35
下文	0.35
下沉	0.35
戏称	0.35
吸入	0.35
吴先生	0.35
无穷	0.35
未上市	0.35
违	0.35
危险	0.35
完完全全	0.35
完毕	0.35
外挂	0.35
突发	0.35
透镜	0.35
同轴	0.35
调研	0.35
挑选	0.35
提上	0.35
特写	0.35
套路	0.35
搜狐	0.35
顺利完成	0.35
双车	0.35
数字化	0.35
竖	0.35
手豪	0.35
手缝	0.35
收藏	0.35
是非	0.35
势必	0.35
市场营销	0.35
实体店	0.35
生态	0.35
生命	0.35
身价	0.35
社区	0.35
设	0.35
奢侈	0.35
闪耀	0.35
瑞士	0.35
全部都是	0.35
去过	0.35
取而代之	0.35
清	0.35
前往	0.35
签订	0.35
汽	0.35
期望	0.35
拼	0.35
捧	0.35
跑步	0.35
排量车	0.35
宁夏	0.35
年龄	0.35
难忘	0.35
男性	0.35
纳入	0.35
目的地	0.35
墨西哥	0.35
模特	0.35
名气	0.35
面向未来	0.35
没车	0.35
买下	0.35
买不起	0.35
略微	0.35
逻辑	0.35
陆地	0.35
领导者	0.35
灵魂	0.35
林希妤	0.35
料	0.35
链条	0.35
联合开发	0.35
历史舞台	0.35
离家	0.35
老爷车	0.35
来来来	0.35
扩张	0.35
跨界版	0.35
科学	0.35
苛刻	0.35
看似	0.35
开辟	0.35
矩阵式	0.35
居	0.35
就此	0.35
镜头	0.35
景色	0.35
近些年	0.35
紧凑型	0.35
介于	0.35
解读	0.35
结束	0.35
节	0.35
嘉华	0.35
加装	0.35
机电	0.35
或	0.35
画	0.35
华纳	0.35
蝴蝶	0.35
后者	0.35
红车	0.35
合照	0.35
好比	0.35
海	0.35
归功于	0.35
光芒	0.35
固然	0.35
鼓励	0.35
购车	0.35
隔	0.35
高原	0.35
复合	0.35
附	0.35
俘获	0.35
服装	0.35
丰田公司	0.35
非对称	0.35
发觉	0.35
二楼	0.35
端	0.35
灯会	0.35
得出	0.35
大学生	0.35
大力	0.35
大开	0.35
大号	0.35
打滑	0.35
触手可及	0.35
处在	0.35
除非	0.35
出国	0.35
充	0.35
趁	0.35
超乎	0.35
常态	0.35
层出不穷	0.35
不已	0.35
宾馆	0.35
比拼	0.35
背书	0.35
爆发力	0.35
钣件	0.35
阿特金	0.35
之外	0.34
有关	0.34
一切	0.34
项	0.34
停	0.34
缺点	0.34
牌子	0.34
马上	0.34
旅行车	0.34
路	0.34
连	0.34
力度	0.34
款	0.34
卡	0.34
红	0.34
关系	0.34
个性化	0.34
高手	0.34
分析	0.34
防撞	0.34
滴	0.34
大神	0.34
刹车盘	0.34
先	0.33
位于	0.33
同学	0.33
帖子	0.33
人家	0.33
买辆	0.33
进口	0.33
窄	0.32
吸引力	0.32
问	0.32
文案	0.32
天津	0.32
所有人	0.32
甩	0.32
似乎	0.32
其他	0.32
牛	0.32
猛	0.32
理解	0.32
冷却液	0.32
拉皮	0.32
紧张	0.32
街	0.32
管	0.32
改善	0.32
方案	0.32
发	0.32
差速器	0.32
不让	0.32
别扭	0.32
边缘	0.32
板块	0.32
速手	0.31
设计师	0.31
们	0.31
巨大	0.31
接下来	0.31
缸	0.31
谍照	0.31
大小	0.31
谢谢	0.3
想象	0.3
线	0.3
尾翼	0.3
三厢	0.3
呢	0.3
理想	0.3
离合器	0.3
雷达	0.3
经典	0.3
货	0.3
换成	0.3
环比	0.3
国产车	0.3
大件	0.3
初	0.3
嘴	0.29
走过	0.29
专家	0.29
重视	0.29
众	0.29
天天	0.29
手	0.29
其实	0.29
没法	0.29
廉价	0.29
节奏	0.29
工具	0.29
敢	0.29
改进	0.29
纷纷	0.29
大排量	0.29
窗玻璃	0.29
彩色	0.29
坐姿	0.28
走低	0.28
自吸	0.28
铸造	0.28
周末	0.28
重复	0.28
中心	0.28
中部	0.28
掌控	0.28
长相	0.28
乍	0.28
雨刮器	0.28
用处	0.28
应	0.28
音响系统	0.28
一向	0.28
一切正常	0.28
要么	0.28
信	0.28
欣慰	0.28
小东西	0.28
箱子	0.28
乡下	0.28
熄灭	0.28
文章	0.28
尾巴	0.28
退市	0.28
突显	0.28
同一	0.28
田	0.28
讨	0.28
水中	0.28
市值	0.28
市长	0.28
润滑	0.28
认证	0.28
庆幸	0.28
清洁	0.28
平坦	0.28
偏重	0.28
排在	0.28
爬	0.28
内嵌式	0.28
内能	0.28
耐用性	0.28
乃	0.28
那啥	0.28
密封	0.28
萌生	0.28
美国市场	0.28
蛮大	0.28
买单	0.28
落伍	0.28
萝卜	0.28
两厢车	0.28
乐观	0.28
老虎	0.28
懒得	0.28
狂热	0.28
静止	0.28
浸泡	0.28
接连	0.28
架子	0.28
假	0.28
既有	0.28
机盖	0.28
横条	0.28
豪车	0.28
毫不逊色	0.28
关帝爷	0.28
关	0.28
固特异	0.28
个别	0.28
隔音材料	0.28
干式	0.28
感谢	0.28
改款	0.28
份	0.28
费用	0.28
非	0.28
法系	0.28
对此	0.28
对不起	0.28
低音炮	0.28
低点	0.28
达喀尔	0.28
吹牛	0.28
传到	0.28
藏	0.28
惨不忍睹	0.28
不无关系	0.28
不愧	0.28
不佳	0.28
不该	0.28
边	0.28
比较严重	0.28
本身	0.28
保留意见	0.28
白菜	0.28
原厂	0.27
遥控	0.27
消息	0.27
市场份额	0.27
深圳	0.27
上海	0.27
低端	0.27
称	0.27
帮助	0.27
知道	0.26
音响	0.26
一般	0.26
时速	0.26
升降	0.26
软件	0.26
然而	0.26
皮卡	0.26
弄	0.26
较大	0.26
行人	0.26
国际	0.26
代	0.26
超跑	0.26
租	0.25
总得来说	0.25
抓住	0.25
质	0.25
之下	0.25
占优势	0.25
早点	0.25
源	0.25
预警	0.25
语音	0.25
炫耀	0.25
星期	0.25
心态	0.25
小弟	0.25
细微	0.25
握	0.25
维护	0.25
网	0.25
外界	0.25
同意	0.25
饰板	0.25
深	0.25
稍微	0.25
前门	0.25
起初	0.25
飘	0.25
偏软	0.25
某些	0.25
明智	0.25
明明	0.25
名列前茅	0.25
门窗	0.25
劣势	0.25
两位数	0.25
可观	0.25
竞争	0.25
驾车	0.25
花钱	0.25
豪华版	0.25
航空	0.25
观念	0.25
缸体	0.25
断轴	0.25
懂得	0.25
电子产品	0.25
电脑	0.25
底气	0.25
大约	0.25
穿	0.25
储备	0.25
充电	0.25
部位	0.25
不断	0.25
避震	0.25
摆脱	0.25
安静	0.25
自	0.24
这项	0.24
想到	0.24
显示	0.24
它们	0.24
四驱	0.24
是否	0.24
群体	0.24
请问	0.24
前方	0.24
奇怪	0.24
马	0.24
旅	0.24
看见	0.24
看法	0.24
记忆	0.24
改灯	0.24
低音	0.24
北美	0.24
外面	0.23
两者	0.23
竞争对手	0.23
记者	0.23
韩	0.23
顾问	0.23
高达	0.23
标	0.23
自带	0.22
指点	0.22
谈	0.22
太贵	0.22
身体	0.22
入门	0.22
陆续	0.22
获悉	0.22
黑	0.22
分	0.22
电	0.22
灯	0.22
此车	0.22
包	0.22
专营店	0.21
逐渐	0.21
指标	0.21
折腾	0.21
找	0.21
易	0.21
小车	0.21
销	0.21
谁	0.21
视频	0.21
缺乏	0.21
流行	0.21
浪漫	0.21
局促	0.21
竞品	0.21
进来	0.21
进口车	0.21
减半	0.21
对方	0.21
查	0.21
不了	0.21
背后	0.21
重庆	0.2
怎么样	0.2
原装	0.2
消费	0.2
现有	0.2
下面	0.2
武汉	0.2
为啥	0.2
网络	0.2
太平洋	0.2
生产线	0.2
面板	0.2
旅行	0.2
今天	0.2
飞	0.2
电动机	0.2
产能	0.2
参数	0.2
补贴	0.2
保险	0.2
自动档	0.19
专业人士	0.19
中间	0.19
致	0.19
正面	0.19
着实	0.19
这次	0.19
噪音控制	0.19
原地	0.19
雨刷器	0.19
有点像	0.19
油价	0.19
迎宾	0.19
意见	0.19
一键	0.19
虚拟	0.19
修车	0.19
小小的	0.19
乡村	0.19
下手	0.19
下定决心	0.19
拖	0.19
退出	0.19
头	0.19
体育场	0.19
讨厌	0.19
说来	0.19
说法	0.19
试问	0.19
事情	0.19
世纪	0.19
实	0.19
少	0.19
上网	0.19
软硬	0.19
人声	0.19
轻便	0.19
强制	0.19
披露	0.19
批评	0.19
模块	0.19
面对	0.19
没买	0.19
没见	0.19
骂	0.19
两边	0.19
老年	0.19
老大	0.19
困扰	0.19
空	0.19
看吧	0.19
经营	0.19
节约	0.19
接轨	0.19
叫座	0.19
叫好	0.19
叫	0.19
加州	0.19
记录	0.19
缓冲	0.19
后窗	0.19
痕迹	0.19
广州	0.19
观点	0.19
关注度	0.19
工地	0.19
更改	0.19
革命	0.19
高层	0.19
赶上	0.19
服役	0.19
分明	0.19
发现自己	0.19
代表	0.19
从未	0.19
除外	0.19
充斥	0.19
持	0.19
沉淀	0.19
才能	0.19
本	0.19
白	0.19
唉	0.19
昨天	0.18
最低	0.18
之类	0.18
同事	0.18
调	0.18
所谓	0.18
随后	0.18
收	0.18
商务车	0.18
伤	0.18
女	0.18
名	0.18
零部件	0.18
开关	0.18
纠结	0.18
回来	0.18
供应商	0.18
典型	0.18
承诺	0.18
哎	0.18
驻车	0.17
只	0.17
原	0.17
引起	0.17
无奈	0.17
舒适版	0.17
事	0.17
湿式	0.17
前驱	0.17
那时	0.17
借	0.17
货车	0.17
负责	0.17
订车	0.17
挡风玻璃	0.17
贷款	0.17
达成	0.17
称为	0.17
差别	0.17
本土	0.17
保修	0.17
郑州	0.16
这位	0.16
这份	0.16
咱	0.16
运行	0.16
有种	0.16
意大利	0.16
以下	0.16
要买车	0.16
享版	0.16
下车	0.16
网上	0.16
提示	0.16
态势	0.16
手头	0.16
时机	0.16
石家庄	0.16
赛车	0.16
然	0.16
亲戚	0.16
偏离	0.16
旁	0.16
偶然	0.16
没想到	0.16
裸	0.16
梁	0.16
蓝	0.16
今年年初	0.16
回	0.16
后背	0.16
韩国	0.16
国道	0.16
广告	0.16
公众	0.16
个油	0.16
幅度	0.16
而已	0.16
地图	0.16
丹拿	0.16
不再	0.16
比起	0.16
百	0.16
重点	0.15
只不过	0.15
长途	0.15
有人	0.15
一致	0.15
显示屏	0.15
维持	0.15
为何	0.15
团队	0.15
手刹	0.15
释放	0.15
市	0.15
起步价	0.15
哪里	0.15
弥补	0.15
每年	0.15
率先	0.15
加价	0.15
或者说	0.15
订购	0.15
订	0.15
单独	0.15
不见	0.15
走量	0.14
之家	0.14
真实	0.14
展车	0.14
雨天	0.14
逾	0.14
夏利车	0.14
勿	0.14
外地	0.14
停留	0.14
提	0.14
谈到	0.14
耍	0.14
视	0.14
试图	0.14
撒	0.14
任	0.14
全都	0.14
强于	0.14
强行	0.14
欠缺	0.14
平常	0.14
扭	0.14
年限	0.14
乃至	0.14
哪家	0.14
勉强	0.14
略	0.14
喽	0.14
流水	0.14
拉花	0.14
困难	0.14
口号	0.14
开着	0.14
脚步	0.14
后视	0.14
告别	0.14
高逼格	0.14
改	0.14
风扇	0.14
而是	0.14
断	0.14
电源	0.14
的么	0.14
当天	0.14
打出	0.14
此次	0.14
车友会	0.14
车标	0.14
不温不火	0.14
并不大	0.14
必要	0.14
本质	0.14
案例	0.14
专门	0.13
重	0.13
长度	0.13
星	0.13
是不是	0.13
沈阳	0.13
然后	0.13
企业	0.13
联合	0.13
解释	0.13
带上	0.13
常规	0.13
租车	0.12
制作	0.12
由于	0.12
喜好	0.12
投资	0.12
同等	0.12
时光	0.12
摄像头	0.12
稍	0.12
啥	0.12
热情	0.12
平行	0.12
品牌形象	0.12
扭力	0.12
来回	0.12
夸张	0.12
可惜	0.12
久	0.12
脚垫	0.12
购置税	0.12
高配	0.12
粉丝	0.12
放大	0.12
发动机盖	0.12
东南	0.12
单一	0.12
不仅仅	0.12
不及	0.12
不敢	0.12
博	0.12
本月	0.12
爸	0.12
主驾	0.11
在家	0.11
用来	0.11
音	0.11
宣传	0.11
心脏	0.11
心疼	0.11
套娃	0.11
抬头	0.11
稍差	0.11
杀	0.11
三缸	0.11
三代	0.11
忍	0.11
前前后后	0.11
起	0.11
冒	0.11
满大街	0.11
马达	0.11
流	0.11
领	0.11
脸上	0.11
拉力赛	0.11
拉力	0.11
看车	0.11
交通事故	0.11
讲	0.11
换上	0.11
花费	0.11
嘿嘿	0.11
合同	0.11
好好	0.11
供应	0.11
工人	0.11
告诉	0.11
该	0.11
费	0.11
方法	0.11
发表	0.11
电机	0.11
当日	0.11
当年	0.11
除此之外	0.11
车能	0.11
别说	0.11
标签	0.11
奔驰车	0.11
爆	0.11
组织	0.1
小伙伴	0.1
西安	0.1
维修保养	0.1
外壳	0.1
统计	0.1
同为	0.1
陕西	0.1
三厢车	0.1
那里	0.1
拿到	0.1
美丽	0.1
貌似	0.1
迈	0.1
哭	0.1
壳	0.1
金	0.1
交流	0.1
江苏	0.1
回馈	0.1
黄色	0.1
换代	0.1
毫无疑问	0.1
光环	0.1
跟着	0.1
堵	0.1
丢	0.1
打电话	0.1
本地	0.1
自驾游	0.09
转速	0.09
直到	0.09
之上	0.09
整备	0.09
征战	0.09
照样	0.09
运动版	0.09
于是	0.09
营销	0.09
新品	0.09
消失	0.09
想法	0.09
相差	0.09
现金	0.09
西藏	0.09
我国	0.09
味道	0.09
外国	0.09
添加	0.09
说好	0.09
上个月	0.09
闪烁	0.09
人民	0.09
全款	0.09
全车	0.09
轻轻	0.09
年初	0.09
男	0.09
楼下	0.09
楼	0.09
零件	0.09
两厢	0.09
两辆车	0.09
开惯	0.09
开出	0.09
结果	0.09
或许	0.09
火花塞	0.09
划分	0.09
还行	0.09
顾客	0.09
固定	0.09
福特车	0.09
仿	0.09
代言	0.09
窗户	0.09
车系	0.09
车上	0.09
最初	0.08
总裁	0.08
自动挡	0.08
子公司	0.08
赚	0.08
专车	0.08
主力	0.08
制造商	0.08
照片	0.08
掌握	0.08
一脚	0.08
一侧	0.08
液晶	0.08
新手	0.08
小时	0.08
小编	0.08
显然	0.08
喜	0.08
味	0.08
忘	0.08
往	0.08
网通	0.08
完整	0.08
投入	0.08
通常	0.08
贴	0.08
挑	0.08
提出	0.08
讨论	0.08
上述	0.08
如下	0.08
日子	0.08
汽油机	0.08
屏	0.08
拿出	0.08
卖	0.08
留	0.08
领导	0.08
连接	0.08
老人	0.08
兰州	0.08
块钱	0.08
君	0.08
具体	0.08
精	0.08
经	0.08
渐渐	0.08
灰	0.08
行灯	0.08
喊	0.08
观察	0.08
公路	0.08
工程	0.08
高功率	0.08
份额	0.08
放假	0.08
而来	0.08
德国	0.08
打破	0.08
此处	0.08
常	0.08
不妨	0.08
表达	0.08
变成	0.08
帮忙	0.08
半月	0.08
安装	0.08
专用	0.07
牌照	0.07
那些	0.07
交付	0.07
高于	0.07
概念	0.07
超级	0.07
字	0.06
咨询	0.06
终究	0.06
在意	0.06
运动型	0.06
预算	0.06
拥挤	0.06
也就是说	0.06
心理	0.06
相近	0.06
舞台	0.06
玩具	0.06
市场竞争	0.06
莫	0.06
秒	0.06
另一方面	0.06
酷	0.06
开门	0.06
降价	0.06
机	0.06
话	0.06
厚	0.06
豪华车	0.06
孩子	0.06
高点	0.06
低配	0.06
摆	0.06
总是	0.05
早	0.05
暂时	0.05
愿意	0.05
阳光	0.05
相当于	0.05
土豪	0.05
停放	0.05
模仿	0.05
面包车	0.05
路段	0.05
集中	0.05
即	0.05
刚好	0.05
风尚	0.05
二代	0.05
低于	0.05
部	0.05
并未	0.05
编	0.05
资源	0.04
与其	0.04
应急	0.04
音量	0.04
一边	0.04
业绩	0.04
新闻	0.04
下一代	0.04
网友	0.04
台车	0.04
收到	0.04
上牌	0.04
伤害	0.04
如今	0.04
前不久	0.04
萌	0.04
没事	0.04
买菜	0.04
流程	0.04
例	0.04
经济型	0.04
回到	0.04
行动	0.04
感应	0.04
多媒体系统	0.04
灯厂	0.04
得知	0.04
单位	0.04
成本	0.04
车重	0.04
车价	0.04
不久前	0.04
本文	0.04
榜单	0.04
伴随	0.04
总部	0.03
资金	0.03
撞击	0.03
指导	0.03
阵容	0.03
咱们	0.03
御	0.03
英雄	0.03
遗憾	0.03
兴趣	0.03
信号	0.03
小排量	0.03
掀起	0.03
下去	0.03
顺便	0.03
上次	0.03
弱	0.03
旗舰版	0.03
苹果	0.03
抛开	0.03
胖子	0.03
每天	0.03
轮子	0.03
两厢版	0.03
浪费	0.03
开开	0.03
经验	0.03
近期	0.03
横置	0.03
过	0.03
功放	0.03
干	0.03
电影	0.03
措施	0.03
刹	0.03
采访	0.03
按钮	0.03
安全带	0.03
专注	0.02
犹豫	0.02
先是	0.02
剩下	0.02
略有	0.02
落后	0.02
回老家	0.02
儿	0.02
车体	0.02
